series,timestamp,value,label
2A,2025-02-07T15:36:00Z,98.3,
2A,2025-02-07T15:36:15Z,98.28,
2A,2025-02-07T15:36:30Z,98.0,
2A,2025-02-07T15:36:45Z,101.7,
2A,2025-02-07T15:37:00Z,98.16,
2A,2025-02-07T15:37:15Z,97.71,
2A,2025-02-07T15:37:30Z,97.75,
2A,2025-02-07T15:37:45Z,97.88,
2A,2025-02-07T15:38:00Z,97.86,
2A,2025-02-07T15:38:15Z,97.79,
2A,2025-02-07T15:38:30Z,97.66,
2A,2025-02-07T15:38:45Z,97.67,
2A,2025-02-07T15:39:00Z,100.68,
2A,2025-02-07T15:39:15Z,98.17,
2A,2025-02-07T15:39:30Z,104.63,
2A,2025-02-07T15:39:45Z,105.52,
2A,2025-02-07T15:40:00Z,110.89,
2A,2025-02-07T15:40:15Z,110.29,
2A,2025-02-07T15:40:30Z,110.18,
2A,2025-02-07T15:40:45Z,110.98,
2A,2025-02-07T15:41:00Z,111.06,
2A,2025-02-07T15:41:15Z,110.72,
2A,2025-02-07T15:41:30Z,111.9,
2A,2025-02-07T15:41:45Z,112.79,
2A,2025-02-07T15:42:00Z,111.94,
2A,2025-02-07T15:42:15Z,112.01,
2A,2025-02-07T15:42:30Z,111.49,
2A,2025-02-07T15:42:45Z,106.74,
2A,2025-02-07T15:43:00Z,100.43,
2A,2025-02-07T15:43:15Z,100.11,
2A,2025-02-07T15:43:30Z,98.84,
2A,2025-02-07T15:43:45Z,98.78,
2A,2025-02-07T15:44:00Z,98.71,
2A,2025-02-07T15:44:15Z,99.44,
2A,2025-02-07T15:44:30Z,98.62,
2A,2025-02-07T15:44:45Z,98.62,
2A,2025-02-07T15:45:00Z,98.23,
2A,2025-02-07T15:45:15Z,98.01,
2A,2025-02-07T15:45:30Z,98.56,
2A,2025-02-07T15:45:45Z,97.43,
2A,2025-02-07T15:46:00Z,97.43,
2A,2025-02-07T15:46:15Z,99.38,
2A,2025-02-07T15:46:30Z,103.29,
2A,2025-02-07T15:46:45Z,98.05,
2A,2025-02-07T15:47:00Z,98.64,
2A,2025-02-07T15:47:15Z,97.23,
2A,2025-02-07T15:47:30Z,98.02,
2A,2025-02-07T15:47:45Z,99.11,
2A,2025-02-07T15:48:00Z,99.19,
2A,2025-02-07T15:48:15Z,100.25,
2A,2025-02-07T15:48:30Z,102.56,
2A,2025-02-07T15:48:45Z,102.47,
2A,2025-02-07T15:49:00Z,103.17,
2A,2025-02-07T15:49:15Z,102.17,
2A,2025-02-07T15:49:30Z,102.38,
2A,2025-02-07T15:49:45Z,102.03,
2A,2025-02-07T15:50:00Z,101.77,
2A,2025-02-07T15:50:15Z,102.64,
2A,2025-02-07T15:50:30Z,102.09,
2A,2025-02-07T15:50:45Z,105.29,
2A,2025-02-07T15:51:00Z,101.71999999999998,
2A,2025-02-07T15:51:15Z,101.68,
2A,2025-02-07T15:51:30Z,102.56,
2A,2025-02-07T15:51:45Z,101.73,
2A,2025-02-07T15:52:00Z,101.89,
2A,2025-02-07T15:52:15Z,104.92,
2A,2025-02-07T15:52:30Z,101.92,
2A,2025-02-07T15:52:45Z,101.68,
2A,2025-02-07T15:53:00Z,102.26,
2A,2025-02-07T15:53:15Z,100.74,
2A,2025-02-07T15:53:30Z,100.47,
2A,2025-02-07T15:53:45Z,98.49,
2A,2025-02-07T15:54:00Z,97.43,
2A,2025-02-07T15:54:15Z,97.75,
2A,2025-02-07T15:54:30Z,94.06,
2A,2025-02-07T15:54:45Z,99.6,
2A,2025-02-07T15:55:00Z,96.46,
2A,2025-02-07T15:55:15Z,96.21,
2A,2025-02-07T15:55:30Z,93.24,
2A,2025-02-07T15:55:45Z,95.67,
2A,2025-02-07T15:56:00Z,91.87,
2A,2025-02-07T15:56:15Z,91.4,
2A,2025-02-07T15:56:30Z,91.88,
2A,2025-02-07T15:56:45Z,91.81,
2A,2025-02-07T15:57:00Z,97.15,
2A,2025-02-07T15:57:15Z,88.43,
2A,2025-02-07T15:57:30Z,86.72999999999999,
2A,2025-02-07T15:57:45Z,86.72999999999999,
2A,2025-02-07T15:58:00Z,89.71000000000001,
2A,2025-02-07T15:58:15Z,83.31,
2A,2025-02-07T15:58:30Z,83.44,
2A,2025-02-07T15:58:45Z,86.30000000000001,
2A,2025-02-07T15:59:00Z,83.14,
2A,2025-02-07T15:59:15Z,82.02,
2A,2025-02-07T15:59:30Z,84.81,
2A,2025-02-07T15:59:45Z,81.28999999999999,
2A,2025-02-07T16:00:00Z,78.19,
2A,2025-02-07T16:00:15Z,77.67,
2A,2025-02-07T16:00:30Z,81.68,
2A,2025-02-07T16:00:45Z,79.1,
2A,2025-02-07T16:01:00Z,79.05,
2A,2025-02-07T16:01:15Z,82.42999999999999,
2A,2025-02-07T16:01:30Z,80.63,
2A,2025-02-07T16:01:45Z,79.56,
2A,2025-02-07T16:02:00Z,79.48,
2A,2025-02-07T16:02:15Z,79.59,
2A,2025-02-07T16:02:30Z,79.64999999999999,
2A,2025-02-07T16:02:45Z,82.45,
2A,2025-02-07T16:03:00Z,80.46000000000001,
2A,2025-02-07T16:03:15Z,77.53,
2A,2025-02-07T16:03:30Z,73.53,
2A,2025-02-07T16:03:45Z,73.3,
2A,2025-02-07T16:04:00Z,73.77,
2A,2025-02-07T16:04:15Z,72.97,
2A,2025-02-07T16:04:30Z,76.15,
2A,2025-02-07T16:04:45Z,76.0,
2A,2025-02-07T16:05:00Z,74.86,
2A,2025-02-07T16:05:15Z,75.24000000000001,
2A,2025-02-07T16:05:30Z,71.51,
2A,2025-02-07T16:05:45Z,74.18,
2A,2025-02-07T16:06:00Z,71.53999999999999,
2A,2025-02-07T16:06:15Z,77.01,
2A,2025-02-07T16:06:30Z,72.21,
2A,2025-02-07T16:06:45Z,71.34,
2A,2025-02-07T16:07:00Z,77.25,
2A,2025-02-07T16:07:15Z,69.53999999999999,
2A,2025-02-07T16:07:30Z,69.46,
2A,2025-02-07T16:07:45Z,65.03,
2A,2025-02-07T16:08:00Z,65.24,
2A,2025-02-07T16:08:15Z,65.63,
2A,2025-02-07T16:08:30Z,68.89999999999999,
2A,2025-02-07T16:08:45Z,64.80000000000001,
2A,2025-02-07T16:09:00Z,65.24,
2A,2025-02-07T16:09:15Z,61.64,
2A,2025-02-07T16:09:30Z,63.21,
2A,2025-02-07T16:09:45Z,63.08,
2A,2025-02-07T16:10:00Z,63.11,
2A,2025-02-07T16:10:15Z,66.92999999999999,
2A,2025-02-07T16:10:30Z,63.7,
2A,2025-02-07T16:10:45Z,63.64999999999999,
2A,2025-02-07T16:11:00Z,60.52,
2A,2025-02-07T16:11:15Z,66.96,
2A,2025-02-07T16:11:30Z,59.9,
2A,2025-02-07T16:11:45Z,57.82,
2A,2025-02-07T16:12:00Z,60.85,
2A,2025-02-07T16:12:15Z,57.57,
2A,2025-02-07T16:12:30Z,57.52,
2A,2025-02-07T16:12:45Z,62.9,
2A,2025-02-07T16:13:00Z,52.0,
2A,2025-02-07T16:13:15Z,51.92999999999999,
2A,2025-02-07T16:13:30Z,55.51,
2A,2025-02-07T16:13:45Z,53.1,
2A,2025-02-07T16:14:00Z,53.94,
2A,2025-02-07T16:14:15Z,53.08,
2A,2025-02-07T16:14:30Z,58.3,
2A,2025-02-07T16:14:45Z,54.07,
2A,2025-02-07T16:15:00Z,53.87,
2A,2025-02-07T16:15:15Z,57.03999999999999,
2A,2025-02-07T16:15:30Z,54.45,
2A,2025-02-07T16:15:45Z,54.120000000000005,
2A,2025-02-07T16:16:00Z,52.03,
2A,2025-02-07T16:16:15Z,46.02,
2A,2025-02-07T16:16:30Z,46.510000000000005,
2A,2025-02-07T16:16:45Z,47.29,
2A,2025-02-07T16:17:00Z,44.2,
2A,2025-02-07T16:17:15Z,44.23,
2A,2025-02-07T16:17:30Z,44.18,
2A,2025-02-07T16:17:45Z,40.8,
2A,2025-02-07T16:18:00Z,39.96,
2A,2025-02-07T16:18:15Z,42.64,
2A,2025-02-07T16:18:30Z,44.61,
2A,2025-02-07T16:18:45Z,44.08,
2A,2025-02-07T16:19:00Z,42.57,
2A,2025-02-07T16:19:15Z,41.8,
2A,2025-02-07T16:19:30Z,45.55,
2A,2025-02-07T16:19:45Z,41.11,
2A,2025-02-07T16:20:00Z,42.11,
2A,2025-02-07T16:20:15Z,39.76,
2A,2025-02-07T16:20:30Z,41.47,
2A,2025-02-07T16:20:45Z,38.62,
2A,2025-02-07T16:21:00Z,38.65,
2A,2025-02-07T16:21:15Z,38.67,
2A,2025-02-07T16:21:30Z,39.48,
2A,2025-02-07T16:21:45Z,44.7,
2A,2025-02-07T16:22:00Z,34.63,
2A,2025-02-07T16:22:15Z,34.21,
2A,2025-02-07T16:22:30Z,33.97,
2A,2025-02-07T16:22:45Z,33.97,
2A,2025-02-07T16:23:00Z,34.01,
2A,2025-02-07T16:23:15Z,36.510000000000005,
2A,2025-02-07T16:23:30Z,33.71,
2A,2025-02-07T16:23:45Z,34.38,
2A,2025-02-07T16:24:00Z,35.54,
2A,2025-02-07T16:24:15Z,38.49,
2A,2025-02-07T16:24:30Z,34.68,
2A,2025-02-07T16:24:45Z,34.660000000000004,
2A,2025-02-07T16:25:00Z,39.96,
2A,2025-02-07T16:25:15Z,34.550000000000004,
2A,2025-02-07T16:25:30Z,34.85,
2A,2025-02-07T16:25:45Z,34.23,
2A,2025-02-07T16:26:00Z,34.91,
2A,2025-02-07T16:26:15Z,34.379999999999995,
2A,2025-02-07T16:26:30Z,38.68,
2A,2025-02-07T16:26:45Z,34.59,
2A,2025-02-07T16:27:00Z,35.57,
2A,2025-02-07T16:27:15Z,34.6,
2A,2025-02-07T16:27:30Z,34.59,
2A,2025-02-07T16:27:45Z,44.2,
2A,2025-02-07T16:28:00Z,38.84,
2A,2025-02-07T16:28:15Z,38.14,
2A,2025-02-07T16:28:30Z,40.14,
2A,2025-02-07T16:28:45Z,38.02,
2A,2025-02-07T16:29:00Z,38.33,
2A,2025-02-07T16:29:15Z,37.16,
2A,2025-02-07T16:29:30Z,38.13,
2A,2025-02-07T16:29:45Z,38.19,
2A,2025-02-07T16:30:00Z,38.63,
2A,2025-02-07T16:30:15Z,38.33,
2A,2025-02-07T16:30:30Z,38.36,
2A,2025-02-07T16:30:45Z,38.46,
2A,2025-02-07T16:31:00Z,38.54,
2A,2025-02-07T16:31:15Z,41.44,
2A,2025-02-07T16:31:30Z,39.37,
2A,2025-02-07T16:31:45Z,36.99,
2A,2025-02-07T16:32:00Z,36.98,
2A,2025-02-07T16:32:15Z,33.11,
2A,2025-02-07T16:32:30Z,33.01,
2A,2025-02-07T16:32:45Z,33.72,
2A,2025-02-07T16:33:00Z,33.66,
2A,2025-02-07T16:33:15Z,33.7,
2A,2025-02-07T16:33:30Z,33.54,
2A,2025-02-07T16:33:45Z,34.52,
2A,2025-02-07T16:34:00Z,38.1,
2A,2025-02-07T16:34:15Z,33.94,
2A,2025-02-07T16:34:30Z,33.83,
2A,2025-02-07T16:34:45Z,33.28,
2A,2025-02-07T16:35:00Z,33.35,
2A,2025-02-07T16:35:15Z,31.8,
2A,2025-02-07T16:35:30Z,35.96,
2A,2025-02-07T16:35:45Z,31.84,
2A,2025-02-07T16:36:00Z,31.68,
2A,2025-02-07T16:36:15Z,31.58,
2A,2025-02-07T16:36:30Z,31.36,
2A,2025-02-07T16:36:45Z,31.89,
2A,2025-02-07T16:37:00Z,28.79,
2A,2025-02-07T16:37:15Z,28.72,
2A,2025-02-07T16:37:30Z,28.43,
2A,2025-02-07T16:37:45Z,28.4,
2A,2025-02-07T16:38:00Z,27.87,
2A,2025-02-07T16:38:15Z,31.56,
2A,2025-02-07T16:38:30Z,28.85,
2A,2025-02-07T16:38:45Z,27.98,
2A,2025-02-07T16:39:00Z,27.89,
2A,2025-02-07T16:39:15Z,28.78,
2A,2025-02-07T16:39:30Z,28.74,
2A,2025-02-07T16:39:45Z,25.49,
2A,2025-02-07T16:40:00Z,27.26,
2A,2025-02-07T16:40:15Z,26.97,
2A,2025-02-07T16:40:30Z,17.1,
2A,2025-02-07T16:40:45Z,16.85,
2A,2025-02-07T16:41:00Z,15.85,
2A,2025-02-07T16:41:15Z,16.95,
2A,2025-02-07T16:41:30Z,15.94,
2A,2025-02-07T16:41:45Z,20.36,
2A,2025-02-07T16:42:00Z,16.04,
2A,2025-02-07T16:42:15Z,16.099999999999998,
2A,2025-02-07T16:42:30Z,16.18,
2A,2025-02-07T16:42:45Z,16.12,
2A,2025-02-07T16:43:00Z,16.09,
2A,2025-02-07T16:43:15Z,16.14,
2A,2025-02-07T16:43:30Z,16.11,
2A,2025-02-07T16:43:45Z,15.41,
2A,2025-02-07T16:44:00Z,15.51,
2A,2025-02-07T16:44:15Z,15.53,
2A,2025-02-07T16:44:30Z,16.38,
2A,2025-02-07T16:44:45Z,18.62,
2A,2025-02-07T16:45:00Z,15.61,
2A,2025-02-07T16:45:15Z,15.6,
2A,2025-02-07T16:45:30Z,15.59,
2A,2025-02-07T16:45:45Z,15.56,
2A,2025-02-07T16:46:00Z,15.61,
2A,2025-02-07T16:46:15Z,19.43,
2A,2025-02-07T16:46:30Z,10.39,
2A,2025-02-07T16:46:45Z,10.19,
2A,2025-02-07T16:47:00Z,11.009999999999998,
2A,2025-02-07T16:47:15Z,10.13,
2A,2025-02-07T16:47:30Z,12.14,
2A,2025-02-07T16:47:45Z,12.05,
2A,2025-02-07T16:48:00Z,11.91,
2A,2025-02-07T16:48:15Z,11.97,
2A,2025-02-07T16:48:30Z,11.97,
2A,2025-02-07T16:48:45Z,12.39,
2A,2025-02-07T16:49:00Z,15.88,
2A,2025-02-07T16:49:15Z,12.31,
2A,2025-02-07T16:49:30Z,13.19,
2A,2025-02-07T16:49:45Z,12.28,
2A,2025-02-07T16:50:00Z,12.29,
2A,2025-02-07T16:50:15Z,15.25,
2A,2025-02-07T16:50:30Z,13.52,
2A,2025-02-07T16:50:45Z,13.34,
2A,2025-02-07T16:51:00Z,12.86,
2A,2025-02-07T16:51:15Z,13.8,
2A,2025-02-07T16:51:30Z,19.62,
2A,2025-02-07T16:51:45Z,13.99,
2A,2025-02-07T16:52:00Z,15.52,
2A,2025-02-07T16:52:15Z,16.0,
2A,2025-02-07T16:52:30Z,13.96,
2A,2025-02-07T16:52:45Z,14.0,
2A,2025-02-07T16:53:00Z,16.87,
2A,2025-02-07T16:53:15Z,14.650000000000002,
2A,2025-02-07T16:53:30Z,14.47,
2A,2025-02-07T16:53:45Z,14.4,
2A,2025-02-07T16:54:00Z,14.59,
2A,2025-02-07T16:54:15Z,14.39,
2A,2025-02-07T16:54:30Z,14.37,
2A,2025-02-07T16:54:45Z,15.400000000000002,
2A,2025-02-07T16:55:00Z,14.39,
2A,2025-02-07T16:55:15Z,14.37,
2A,2025-02-07T16:55:30Z,14.349999999999998,
2A,2025-02-07T16:55:45Z,17.52,
2A,2025-02-07T16:56:00Z,14.239999999999998,
2A,2025-02-07T16:56:15Z,14.31,
2A,2025-02-07T16:56:30Z,14.31,
2A,2025-02-07T16:56:45Z,14.46,
2A,2025-02-07T16:57:00Z,14.46,
2A,2025-02-07T16:57:15Z,19.2,
2A,2025-02-07T16:57:30Z,14.37,
2A,2025-02-07T16:57:45Z,12.48,
2A,2025-02-07T16:58:00Z,12.47,
2A,2025-02-07T16:58:15Z,11.51,
2A,2025-02-07T16:58:30Z,11.97,
2A,2025-02-07T16:58:45Z,14.37,
2A,2025-02-07T16:59:00Z,11.97,
2A,2025-02-07T16:59:15Z,11.95,
2A,2025-02-07T16:59:30Z,12.59,
2A,2025-02-07T16:59:45Z,12.49,
2A,2025-02-07T17:00:00Z,13.18,
2A,2025-02-07T17:00:15Z,12.35,
2A,2025-02-07T17:00:30Z,12.31,
2A,2025-02-07T17:00:45Z,12.34,
2A,2025-02-07T17:01:00Z,12.51,
2A,2025-02-07T17:01:15Z,12.65,
2A,2025-02-07T17:01:30Z,15.03,
2A,2025-02-07T17:01:45Z,12.06,
2A,2025-02-07T17:02:00Z,11.94,
2A,2025-02-07T17:02:15Z,11.87,
2A,2025-02-07T17:02:30Z,11.88,
2A,2025-02-07T17:02:45Z,12.77,
2A,2025-02-07T17:03:00Z,11.510000000000002,
2A,2025-02-07T17:03:15Z,12.05,
2A,2025-02-07T17:03:30Z,11.62,
2A,2025-02-07T17:03:45Z,11.62,
2A,2025-02-07T17:04:00Z,11.63,
2A,2025-02-07T17:04:15Z,11.65,
2A,2025-02-07T17:04:30Z,14.6,
2A,2025-02-07T17:04:45Z,11.32,
2A,2025-02-07T17:05:00Z,11.41,
2A,2025-02-07T17:05:15Z,11.09,
2A,2025-02-07T17:05:30Z,11.98,
2A,2025-02-07T17:05:45Z,11.26,
2A,2025-02-07T17:06:00Z,14.7,
2A,2025-02-07T17:06:15Z,11.06,
2A,2025-02-07T17:06:30Z,11.07,
2A,2025-02-07T17:06:45Z,10.93,
2A,2025-02-07T17:07:00Z,10.9,
2A,2025-02-07T17:07:15Z,10.93,
2A,2025-02-07T17:07:30Z,11.22,
2A,2025-02-07T17:07:45Z,10.9,
2A,2025-02-07T17:08:00Z,10.99,
2A,2025-02-07T17:08:15Z,10.95,
2A,2025-02-07T17:08:30Z,11.54,
2A,2025-02-07T17:08:45Z,11.53,
2A,2025-02-07T17:09:00Z,11.49,
2A,2025-02-07T17:09:15Z,11.46,
2A,2025-02-07T17:09:30Z,12.04,
2A,2025-02-07T17:09:45Z,12.53,
2A,2025-02-07T17:10:00Z,11.08,
2A,2025-02-07T17:10:15Z,14.85,
2A,2025-02-07T17:10:30Z,10.58,
2A,2025-02-07T17:10:45Z,11.37,
2A,2025-02-07T17:11:00Z,10.62,
2A,2025-02-07T17:11:15Z,10.55,
2A,2025-02-07T17:11:30Z,10.64,
2A,2025-02-07T17:11:45Z,14.4,
2A,2025-02-07T17:12:00Z,10.61,
2A,2025-02-07T17:12:15Z,11.59,
2A,2025-02-07T17:12:30Z,11.54,
2A,2025-02-07T17:12:45Z,11.55,
2A,2025-02-07T17:13:00Z,12.01,
2A,2025-02-07T17:13:15Z,11.98,
2A,2025-02-07T17:13:30Z,12.5,
2A,2025-02-07T17:13:45Z,11.62,
2A,2025-02-07T17:14:00Z,11.64,
2A,2025-02-07T17:14:15Z,11.130000000000004,
2A,2025-02-07T17:14:30Z,10.919999999999998,
2A,2025-02-07T17:14:45Z,10.88,
2A,2025-02-07T17:15:00Z,10.43,
2A,2025-02-07T17:15:15Z,10.39,
2A,2025-02-07T17:15:30Z,10.38,
2A,2025-02-07T17:15:45Z,10.37,
2A,2025-02-07T17:16:00Z,14.46,
2A,2025-02-07T17:16:15Z,10.38,
2A,2025-02-07T17:16:30Z,10.33,
2A,2025-02-07T17:16:45Z,10.39,
2A,2025-02-07T17:17:00Z,10.32,
2A,2025-02-07T17:17:15Z,10.28,
2A,2025-02-07T17:17:30Z,10.79,
2A,2025-02-07T17:17:45Z,10.8,
2A,2025-02-07T17:18:00Z,10.79,
2A,2025-02-07T17:18:15Z,10.760000000000002,
2A,2025-02-07T17:18:30Z,10.759999999999998,
2A,2025-02-07T17:18:45Z,11.6,
2A,2025-02-07T17:19:00Z,13.82,
2A,2025-02-07T17:19:15Z,10.25,
2A,2025-02-07T17:19:30Z,9.73,
2A,2025-02-07T17:19:45Z,9.15,
2A,2025-02-07T17:20:00Z,9.11,
2A,2025-02-07T17:20:15Z,9.07,
2A,2025-02-07T17:20:30Z,9.12,
2A,2025-02-07T17:20:45Z,9.11,
2A,2025-02-07T17:21:00Z,9.12,
2A,2025-02-07T17:21:15Z,9.54,
2A,2025-02-07T17:21:30Z,10.62,
2A,2025-02-07T17:21:45Z,12.56,
2A,2025-02-07T17:22:00Z,9.5,
2A,2025-02-07T17:22:15Z,9.5,
2A,2025-02-07T17:22:30Z,9.89,
2A,2025-02-07T17:22:45Z,9.85,
2A,2025-02-07T17:23:00Z,9.89,
2A,2025-02-07T17:23:15Z,13.6,
2A,2025-02-07T17:23:30Z,9.17,
2A,2025-02-07T17:23:45Z,9.11,
2A,2025-02-07T17:24:00Z,9.17,
2A,2025-02-07T17:24:15Z,10.02,
2A,2025-02-07T17:24:30Z,9.15,
2A,2025-02-07T17:24:45Z,8.83,
2A,2025-02-07T17:25:00Z,8.83,
2A,2025-02-07T17:25:15Z,8.74,
2A,2025-02-07T17:25:30Z,8.76,
2A,2025-02-07T17:25:45Z,8.77,
2A,2025-02-07T17:26:00Z,10.37,
2A,2025-02-07T17:26:15Z,8.74,
2A,2025-02-07T17:26:30Z,8.76,
2A,2025-02-07T17:26:45Z,9.43,
2A,2025-02-07T17:27:00Z,10.24,
2A,2025-02-07T17:27:15Z,9.38,
2A,2025-02-07T17:27:30Z,12.55,
2A,2025-02-07T17:27:45Z,9.38,
2A,2025-02-07T17:28:00Z,9.4,
2A,2025-02-07T17:28:15Z,9.37,
2A,2025-02-07T17:28:30Z,10.19,
2A,2025-02-07T17:28:45Z,9.08,
2A,2025-02-07T17:29:00Z,13.010000000000002,
2A,2025-02-07T17:29:15Z,9.05,
2A,2025-02-07T17:29:30Z,9.41,
2A,2025-02-07T17:29:45Z,9.31,
2A,2025-02-07T17:30:00Z,10.57,
2A,2025-02-07T17:30:15Z,10.59,
2A,2025-02-07T17:30:30Z,13.459999999999996,
2A,2025-02-07T17:30:45Z,10.59,
2A,2025-02-07T17:31:00Z,10.56,
2A,2025-02-07T17:31:15Z,10.55,
2A,2025-02-07T17:31:30Z,10.57,
2A,2025-02-07T17:31:45Z,11.71,
2A,2025-02-07T17:32:00Z,15.14,
2A,2025-02-07T17:32:15Z,12.12,
2A,2025-02-07T17:32:30Z,12.96,
2A,2025-02-07T17:32:45Z,12.77,
2A,2025-02-07T17:33:00Z,12.82,
2A,2025-02-07T17:33:15Z,16.08,
2A,2025-02-07T17:33:30Z,12.21,
2A,2025-02-07T17:33:45Z,12.259999999999998,
2A,2025-02-07T17:34:00Z,12.220000000000002,
2A,2025-02-07T17:34:15Z,12.27,
2A,2025-02-07T17:34:30Z,12.15,
2A,2025-02-07T17:34:45Z,10.6,
2A,2025-02-07T17:35:00Z,12.79,
2A,2025-02-07T17:35:15Z,12.51,
2A,2025-02-07T17:35:30Z,12.49,
2A,2025-02-07T17:35:45Z,12.78,
2A,2025-02-07T17:36:00Z,12.74,
2A,2025-02-07T17:36:15Z,15.260000000000002,
2A,2025-02-07T17:36:30Z,12.240000000000002,
2A,2025-02-07T17:36:45Z,12.18,
2A,2025-02-07T17:37:00Z,12.16,
2A,2025-02-07T17:37:15Z,12.2,
2A,2025-02-07T17:37:30Z,12.28,
2A,2025-02-07T17:37:45Z,17.830000000000002,
2A,2025-02-07T17:38:00Z,13.52,
2A,2025-02-07T17:38:15Z,13.45,
2A,2025-02-07T17:38:30Z,13.59,
2A,2025-02-07T17:38:45Z,13.650000000000002,
2A,2025-02-07T17:39:00Z,13.62,
2A,2025-02-07T17:39:15Z,17.0,
2A,2025-02-07T17:39:30Z,14.159999999999998,
2A,2025-02-07T17:39:45Z,13.79,
2A,2025-02-07T17:40:00Z,13.2,
2A,2025-02-07T17:40:15Z,12.58,
2A,2025-02-07T17:40:30Z,13.5,
2A,2025-02-07T17:40:45Z,14.27,
2A,2025-02-07T17:41:00Z,12.590000000000002,
2A,2025-02-07T17:41:15Z,12.6,
2A,2025-02-07T17:41:30Z,12.66,
2A,2025-02-07T17:41:45Z,12.340000000000002,
2A,2025-02-07T17:42:00Z,13.66,
2A,2025-02-07T17:42:15Z,10.46,
2A,2025-02-07T17:42:30Z,10.43,
2A,2025-02-07T17:42:45Z,10.45,
2A,2025-02-07T17:43:00Z,10.48,
2A,2025-02-07T17:43:15Z,11.39,
2A,2025-02-07T17:43:30Z,10.8,
2A,2025-02-07T17:43:45Z,10.83,
2A,2025-02-07T17:44:00Z,10.75,
2A,2025-02-07T17:44:15Z,10.75,
2A,2025-02-07T17:44:30Z,11.42,
2A,2025-02-07T17:44:45Z,11.37,
2A,2025-02-07T17:45:00Z,14.27,
2A,2025-02-07T17:45:15Z,11.35,
2A,2025-02-07T17:45:30Z,11.31,
2A,2025-02-07T17:45:45Z,12.64,
2A,2025-02-07T17:46:00Z,11.79,
2A,2025-02-07T17:46:15Z,11.79,
2A,2025-02-07T17:46:30Z,14.71,
2A,2025-02-07T17:46:45Z,10.64,
2A,2025-02-07T17:47:00Z,9.08,
2A,2025-02-07T17:47:15Z,9.1,
2A,2025-02-07T17:47:30Z,9.01,
2A,2025-02-07T17:47:45Z,12.25,
2A,2025-02-07T17:48:00Z,8.959999999999999,
2A,2025-02-07T17:48:15Z,8.94,
2A,2025-02-07T17:48:30Z,8.969999999999999,
2A,2025-02-07T17:48:45Z,9.83,
2A,2025-02-07T17:49:00Z,9.04,
2A,2025-02-07T17:49:15Z,9.0,
2A,2025-02-07T17:49:30Z,8.969999999999999,
2A,2025-02-07T17:49:45Z,8.989999999999998,
2A,2025-02-07T17:50:00Z,8.989999999999998,
2A,2025-02-07T17:50:15Z,8.96,
2A,2025-02-07T17:50:30Z,9.18,
2A,2025-02-07T17:50:45Z,12.24,
2A,2025-02-07T17:51:00Z,9.18,
2A,2025-02-07T17:51:15Z,9.19,
2A,2025-02-07T17:51:30Z,10.06,
2A,2025-02-07T17:51:45Z,9.24,
2A,2025-02-07T17:52:00Z,9.19,
2A,2025-02-07T17:52:15Z,12.94,
2A,2025-02-07T17:52:30Z,8.89,
2A,2025-02-07T17:52:45Z,8.83,
2A,2025-02-07T17:53:00Z,8.84,
2A,2025-02-07T17:53:15Z,8.850000000000001,
2A,2025-02-07T17:53:30Z,9.53,
2A,2025-02-07T17:53:45Z,12.36,
2A,2025-02-07T17:54:00Z,9.42,
2A,2025-02-07T17:54:15Z,10.72,
2A,2025-02-07T17:54:30Z,10.32,
2A,2025-02-07T17:54:45Z,11.239999999999998,
2A,2025-02-07T17:55:00Z,11.22,
2A,2025-02-07T17:55:15Z,14.95,
2A,2025-02-07T17:55:30Z,11.71,
2A,2025-02-07T17:55:45Z,11.07,
2A,2025-02-07T17:56:00Z,11.14,
2A,2025-02-07T17:56:15Z,11.15,
2A,2025-02-07T17:56:30Z,16.47,
2A,2025-02-07T17:56:45Z,11.16,
2A,2025-02-07T17:57:00Z,12.070000000000002,
2A,2025-02-07T17:57:15Z,11.16,
2A,2025-02-07T17:57:30Z,11.26,
2A,2025-02-07T17:57:45Z,10.92,
2A,2025-02-07T17:58:00Z,10.9,
2A,2025-02-07T17:58:15Z,10.87,
2A,2025-02-07T17:58:30Z,10.91,
2A,2025-02-07T17:58:45Z,10.88,
2A,2025-02-07T17:59:00Z,10.32,
2A,2025-02-07T17:59:15Z,10.31,
2A,2025-02-07T17:59:30Z,13.47,
2A,2025-02-07T17:59:45Z,11.25,
2A,2025-02-07T18:00:00Z,10.43,
2A,2025-02-07T18:00:15Z,10.4,
2A,2025-02-07T18:00:30Z,10.43,
2A,2025-02-07T18:00:45Z,10.41,
2A,2025-02-07T18:01:00Z,14.08,
2A,2025-02-07T18:01:15Z,10.24,
2A,2025-02-07T18:01:30Z,10.28,
2A,2025-02-07T18:01:45Z,9.23,
2A,2025-02-07T18:02:00Z,9.22,
2A,2025-02-07T18:02:15Z,9.75,
2A,2025-02-07T18:02:30Z,12.72,
2A,2025-02-07T18:02:45Z,10.37,
2A,2025-02-07T18:03:00Z,10.32,
2A,2025-02-07T18:03:15Z,10.29,
2A,2025-02-07T18:03:30Z,10.31,
2A,2025-02-07T18:03:45Z,10.31,
2A,2025-02-07T18:04:00Z,10.3,
2A,2025-02-07T18:04:15Z,10.31,
2A,2025-02-07T18:04:30Z,10.079999999999998,
2A,2025-02-07T18:04:45Z,9.49,
2A,2025-02-07T18:05:00Z,9.5,
2A,2025-02-07T18:05:15Z,13.99,
2A,2025-02-07T18:05:30Z,9.92,
2A,2025-02-07T18:05:45Z,10.02,
2A,2025-02-07T18:06:00Z,10.03,
2A,2025-02-07T18:06:15Z,10.03,
2A,2025-02-07T18:06:30Z,10.04,
2A,2025-02-07T18:06:45Z,14.62,
2A,2025-02-07T18:07:30Z,11.57,
2A,2025-02-07T18:07:45Z,15.419999999999998,
2A,2025-02-07T18:08:00Z,11.48,
2A,2025-02-07T18:08:15Z,11.749999999999998,
2A,2025-02-07T18:08:30Z,11.8,
2A,2025-02-07T18:08:45Z,11.42,
2A,2025-02-07T18:09:00Z,10.96,
2A,2025-02-07T18:09:15Z,10.94,
2A,2025-02-07T18:09:30Z,11.5,
2A,2025-02-07T18:09:45Z,11.48,
2A,2025-02-07T18:10:00Z,11.52,
2A,2025-02-07T18:10:15Z,14.77,
2A,2025-02-07T18:10:30Z,11.12,
2A,2025-02-07T18:10:45Z,10.98,
2A,2025-02-07T18:11:00Z,11.04,
2A,2025-02-07T18:11:15Z,11.02,
2A,2025-02-07T18:11:30Z,11.01,
2A,2025-02-07T18:11:45Z,11.66,
2A,2025-02-07T18:12:00Z,11.63,
2A,2025-02-07T18:12:15Z,11.59,
2A,2025-02-07T18:12:30Z,11.57,
2A,2025-02-07T18:12:45Z,11.62,
2A,2025-02-07T18:13:00Z,11.6,
2A,2025-02-07T18:13:15Z,14.91,
2A,2025-02-07T18:13:30Z,11.84,
2A,2025-02-07T18:13:45Z,11.86,
2A,2025-02-07T18:14:00Z,11.92,
2A,2025-02-07T18:14:15Z,11.839999999999998,
2A,2025-02-07T18:14:30Z,11.89,
2A,2025-02-07T18:14:45Z,15.66,
2A,2025-02-07T18:15:00Z,11.85,
2A,2025-02-07T18:15:15Z,11.909999999999998,
2A,2025-02-07T18:15:30Z,11.24,
2A,2025-02-07T18:15:45Z,11.23,
2A,2025-02-07T18:16:00Z,14.35,
2A,2025-02-07T18:16:15Z,11.64,
2A,2025-02-07T18:16:30Z,12.54,
2A,2025-02-07T18:16:45Z,13.099999999999998,
2A,2025-02-07T18:17:00Z,11.55,
2A,2025-02-07T18:17:15Z,11.29,
2A,2025-02-07T18:17:30Z,14.88,
2A,2025-02-07T18:17:45Z,11.36,
2A,2025-02-07T18:18:00Z,11.33,
2A,2025-02-07T18:18:15Z,11.37,
2A,2025-02-07T18:18:30Z,11.24,
2A,2025-02-07T18:18:45Z,14.18,
2A,2025-02-07T18:19:00Z,11.079999999999998,
2A,2025-02-07T18:19:15Z,11.06,
2A,2025-02-07T18:19:30Z,11.04,
2A,2025-02-07T18:19:45Z,10.73,
2A,2025-02-07T18:20:00Z,12.2,
2A,2025-02-07T18:20:15Z,15.89,
2A,2025-02-07T18:20:30Z,12.1,
2A,2025-02-07T18:20:45Z,12.75,
2A,2025-02-07T18:21:00Z,12.23,
2A,2025-02-07T18:21:15Z,12.18,
2A,2025-02-07T18:21:30Z,12.18,
2A,2025-02-07T18:21:45Z,15.009999999999998,
2A,2025-02-07T18:22:00Z,12.13,
2A,2025-02-07T18:22:15Z,12.37,
2A,2025-02-07T18:22:30Z,12.33,
2A,2025-02-07T18:22:45Z,11.77,
2A,2025-02-07T18:23:00Z,11.79,
2A,2025-02-07T18:23:15Z,11.16,
2A,2025-02-07T18:23:30Z,10.81,
2A,2025-02-07T18:23:45Z,10.78,
2A,2025-02-07T18:24:00Z,10.81,
2A,2025-02-07T18:24:15Z,11.22,
2A,2025-02-07T18:24:30Z,14.45,
2A,2025-02-07T18:24:45Z,11.28,
2A,2025-02-07T18:25:00Z,11.24,
2A,2025-02-07T18:25:15Z,11.25,
2A,2025-02-07T18:25:30Z,11.23,
2A,2025-02-07T18:25:45Z,11.23,
2A,2025-02-07T18:26:00Z,10.97,
2A,2025-02-07T18:26:15Z,10.17,
2A,2025-02-07T18:26:30Z,9.45,
2A,2025-02-07T18:26:45Z,9.4,
2A,2025-02-07T18:27:00Z,9.41,
2A,2025-02-07T18:27:15Z,12.44,
2A,2025-02-07T18:27:30Z,9.8,
2A,2025-02-07T18:27:45Z,9.79,
2A,2025-02-07T18:28:00Z,10.18,
2A,2025-02-07T18:28:15Z,10.18,
2A,2025-02-07T18:28:30Z,10.39,
2A,2025-02-07T18:28:45Z,13.93,
2A,2025-02-07T18:29:00Z,10.69,
2A,2025-02-07T18:29:15Z,10.75,
2A,2025-02-07T18:29:30Z,10.72,
2A,2025-02-07T18:29:45Z,11.32,
2A,2025-02-07T18:30:00Z,10.42,
2A,2025-02-07T18:30:15Z,10.39,
2A,2025-02-07T18:30:30Z,10.37,
2A,2025-02-07T18:30:45Z,10.05,
2A,2025-02-07T18:31:00Z,12.18,
2A,2025-02-07T18:31:15Z,12.22,
2A,2025-02-07T18:31:30Z,12.2,
2A,2025-02-07T18:31:45Z,11.589999999999998,
2A,2025-02-07T18:32:00Z,11.599999999999998,
2A,2025-02-07T18:32:15Z,11.76,
2A,2025-02-07T18:32:30Z,11.73,
2A,2025-02-07T18:32:45Z,11.72,
2A,2025-02-07T18:33:00Z,14.91,
2A,2025-02-07T18:33:15Z,11.76,
2A,2025-02-07T18:33:30Z,11.78,
2A,2025-02-07T18:33:45Z,11.82,
2A,2025-02-07T18:34:00Z,11.75,
2A,2025-02-07T18:34:15Z,12.3,
2A,2025-02-07T18:34:30Z,16.19,
2A,2025-02-07T18:34:45Z,12.29,
2A,2025-02-07T18:35:00Z,12.04,
2A,2025-02-07T18:35:15Z,11.510000000000002,
2A,2025-02-07T18:35:30Z,11.489999999999998,
2A,2025-02-07T18:35:45Z,11.48,
2A,2025-02-07T18:36:00Z,14.34,
2A,2025-02-07T18:36:15Z,11.489999999999998,
2A,2025-02-07T18:36:30Z,11.84,
2A,2025-02-07T18:36:45Z,11.56,
2A,2025-02-07T18:37:00Z,11.55,
2A,2025-02-07T18:37:15Z,11.61,
2A,2025-02-07T18:37:30Z,12.87,
2A,2025-02-07T18:37:45Z,12.47,
2A,2025-02-07T18:38:00Z,10.6,
2A,2025-02-07T18:38:15Z,10.52,
2A,2025-02-07T18:38:30Z,11.51,
2A,2025-02-07T18:38:45Z,15.35,
2A,2025-02-07T18:39:00Z,12.11,
2A,2025-02-07T18:39:15Z,12.04,
2A,2025-02-07T18:39:30Z,11.96,
2A,2025-02-07T18:39:45Z,11.93,
2A,2025-02-07T18:40:00Z,11.93,
2A,2025-02-07T18:40:15Z,11.93,
2A,2025-02-07T18:40:30Z,11.9,
2A,2025-02-07T18:40:45Z,11.89,
2A,2025-02-07T18:41:00Z,11.36,
2A,2025-02-07T18:41:15Z,11.35,
2A,2025-02-07T18:41:30Z,11.34,
2A,2025-02-07T18:41:45Z,14.44,
2A,2025-02-07T18:42:00Z,11.02,
2A,2025-02-07T18:42:15Z,11.0,
2A,2025-02-07T18:42:30Z,11.0,
2A,2025-02-07T18:42:45Z,10.46,
2A,2025-02-07T18:43:00Z,10.510000000000002,
2A,2025-02-07T18:43:15Z,14.150000000000002,
2A,2025-02-07T18:43:30Z,10.47,
2A,2025-02-07T18:43:45Z,10.63,
2A,2025-02-07T18:44:00Z,10.57,
2A,2025-02-07T18:44:15Z,10.59,
2A,2025-02-07T18:44:30Z,9.7,
2A,2025-02-07T18:44:45Z,9.61,
2A,2025-02-07T18:45:00Z,9.65,
2A,2025-02-07T18:45:15Z,9.63,
2A,2025-02-07T18:45:30Z,9.63,
2A,2025-02-07T18:45:45Z,9.63,
2A,2025-02-07T18:46:00Z,9.82,
2A,2025-02-07T18:46:15Z,9.75,
2A,2025-02-07T18:46:30Z,9.73,
2A,2025-02-07T18:46:45Z,9.739999999999998,
2A,2025-02-07T18:47:00Z,9.75,
2A,2025-02-07T18:47:15Z,9.74,
2A,2025-02-07T18:47:30Z,12.84,
2A,2025-02-07T18:47:45Z,9.73,
2A,2025-02-07T18:48:00Z,11.98,
2A,2025-02-07T18:48:15Z,11.75,
2A,2025-02-07T18:48:30Z,11.71,
2A,2025-02-07T18:48:45Z,11.76,
2A,2025-02-07T18:49:00Z,17.450000000000003,
2A,2025-02-07T18:49:15Z,11.72,
2A,2025-02-07T18:49:30Z,10.24,
2A,2025-02-07T18:49:45Z,10.64,
2A,2025-02-07T18:50:00Z,10.06,
2A,2025-02-07T18:50:15Z,10.02,
2A,2025-02-07T18:50:30Z,13.1,
2A,2025-02-07T18:50:45Z,9.989999999999998,
2A,2025-02-07T18:51:00Z,9.98,
2A,2025-02-07T18:51:15Z,9.94,
2A,2025-02-07T18:51:30Z,9.95,
2A,2025-02-07T18:51:45Z,10.02,
2A,2025-02-07T18:52:00Z,13.73,
2A,2025-02-07T18:52:15Z,10.09,
2A,2025-02-07T18:52:30Z,11.76,
2A,2025-02-07T18:52:45Z,11.55,
2A,2025-02-07T18:53:00Z,11.57,
2A,2025-02-07T18:53:15Z,11.29,
2A,2025-02-07T18:53:30Z,11.13,
2A,2025-02-07T18:53:45Z,11.2,
2A,2025-02-07T18:54:00Z,11.18,
2A,2025-02-07T18:54:15Z,11.14,
2A,2025-02-07T18:54:30Z,11.12,
2A,2025-02-07T18:54:45Z,11.19,
2A,2025-02-07T18:55:00Z,11.2,
2A,2025-02-07T18:55:15Z,11.55,
2A,2025-02-07T18:55:30Z,11.55,
2A,2025-02-07T18:55:45Z,11.55,
2A,2025-02-07T18:56:00Z,11.34,
2A,2025-02-07T18:56:15Z,14.7,
2A,2025-02-07T18:56:30Z,11.46,
2A,2025-02-07T18:56:45Z,11.81,
2A,2025-02-07T18:57:00Z,11.17,
2A,2025-02-07T18:57:15Z,11.31,
2A,2025-02-07T18:57:30Z,11.29,
2A,2025-02-07T18:57:45Z,14.98,
2A,2025-02-07T18:58:00Z,11.24,
2A,2025-02-07T18:58:15Z,11.21,
2A,2025-02-07T18:58:30Z,11.21,
2A,2025-02-07T18:58:45Z,15.39,
2A,2025-02-07T18:59:00Z,12.09,
2A,2025-02-07T18:59:15Z,12.0,
2A,2025-02-07T18:59:30Z,11.47,
2A,2025-02-07T18:59:45Z,11.27,
2A,2025-02-07T19:00:00Z,11.26,
2A,2025-02-07T19:00:15Z,11.18,
2A,2025-02-07T19:00:30Z,11.23,
2A,2025-02-07T19:00:45Z,11.23,
2A,2025-02-07T19:01:00Z,11.7,
2A,2025-02-07T19:01:15Z,12.15,
2A,2025-02-07T19:01:30Z,12.55,
2A,2025-02-07T19:01:45Z,15.43,
2A,2025-02-07T19:02:00Z,12.5,
2A,2025-02-07T19:02:15Z,12.45,
2A,2025-02-07T19:02:30Z,12.47,
2A,2025-02-07T19:02:45Z,12.53,
2A,2025-02-07T19:03:00Z,12.46,
2A,2025-02-07T19:03:15Z,16.07,
2A,2025-02-07T19:03:30Z,12.46,
2A,2025-02-07T19:03:45Z,12.43,
2A,2025-02-07T19:04:00Z,12.43,
2A,2025-02-07T19:04:15Z,12.46,
2A,2025-02-07T19:04:30Z,12.04,
2A,2025-02-07T19:04:45Z,12.57,
2A,2025-02-07T19:05:00Z,12.02,
2A,2025-02-07T19:05:15Z,12.06,
2A,2025-02-07T19:05:30Z,11.62,
2A,2025-02-07T19:05:45Z,10.66,
2A,2025-02-07T19:06:00Z,11.09,
2A,2025-02-07T19:06:15Z,15.77,
2A,2025-02-07T19:06:30Z,12.989999999999998,
2A,2025-02-07T19:06:45Z,13.63,
2A,2025-02-07T19:07:00Z,13.85,
2A,2025-02-07T19:07:15Z,13.79,
2A,2025-02-07T19:07:30Z,15.44,
2A,2025-02-07T19:07:45Z,12.27,
2A,2025-02-07T19:08:00Z,11.85,
2A,2025-02-07T19:08:15Z,11.839999999999998,
2A,2025-02-07T19:08:30Z,11.89,
2A,2025-02-07T19:08:45Z,11.27,
2A,2025-02-07T19:09:00Z,11.38,
2A,2025-02-07T19:09:15Z,11.99,
2A,2025-02-07T19:09:30Z,11.9,
2A,2025-02-07T19:09:45Z,11.919999999999998,
2A,2025-02-07T19:10:00Z,11.96,
2A,2025-02-07T19:10:15Z,11.32,
2A,2025-02-07T19:10:30Z,14.29,
2A,2025-02-07T19:10:45Z,11.34,
2A,2025-02-07T19:11:00Z,11.32,
2A,2025-02-07T19:11:15Z,11.32,
2A,2025-02-07T19:11:30Z,11.39,
2A,2025-02-07T19:11:45Z,11.35,
2A,2025-02-07T19:12:00Z,14.93,
2A,2025-02-07T19:12:15Z,11.7,
2A,2025-02-07T19:12:30Z,11.62,
2A,2025-02-07T19:12:45Z,11.57,
2A,2025-02-07T19:13:00Z,11.65,
2A,2025-02-07T19:13:15Z,12.09,
2A,2025-02-07T19:13:30Z,8.26,
2A,2025-02-07T19:13:45Z,8.219999999999999,
2A,2025-02-07T19:14:00Z,8.19,
2A,2025-02-07T19:14:15Z,8.17,
2A,2025-02-07T19:14:30Z,8.21,
2A,2025-02-07T19:14:45Z,8.12,
2A,2025-02-07T19:15:00Z,8.12,
2A,2025-02-07T19:15:15Z,8.129999999999999,
2A,2025-02-07T19:15:30Z,8.12,
2A,2025-02-07T19:15:45Z,7.73,
2A,2025-02-07T19:16:00Z,7.87,
2A,2025-02-07T19:16:15Z,11.63,
2A,2025-02-07T19:16:30Z,8.46,
2A,2025-02-07T19:16:45Z,9.92,
2A,2025-02-07T19:17:00Z,9.53,
2A,2025-02-07T19:17:15Z,9.53,
2A,2025-02-07T19:17:30Z,9.58,
2A,2025-02-07T19:17:45Z,9.53,
2A,2025-02-07T19:18:00Z,9.56,
2A,2025-02-07T19:18:15Z,9.54,
2A,2025-02-07T19:18:30Z,8.92,
2A,2025-02-07T19:18:45Z,8.96,
2A,2025-02-07T19:19:00Z,8.93,
2A,2025-02-07T19:19:15Z,12.8,
2A,2025-02-07T19:19:30Z,9.85,
2A,2025-02-07T19:19:45Z,9.83,
2A,2025-02-07T19:20:00Z,9.81,
2A,2025-02-07T19:20:15Z,9.88,
2A,2025-02-07T19:20:30Z,9.84,
2A,2025-02-07T19:20:45Z,13.33,
2A,2025-02-07T19:21:00Z,9.91,
2A,2025-02-07T19:21:15Z,9.85,
2A,2025-02-07T19:21:30Z,10.31,
2A,2025-02-07T19:21:45Z,10.34,
2A,2025-02-07T19:22:00Z,13.52,
2A,2025-02-07T19:22:15Z,10.31,
2A,2025-02-07T19:22:30Z,9.85,
2A,2025-02-07T19:22:45Z,9.74,
2A,2025-02-07T19:23:00Z,10.27,
2A,2025-02-07T19:23:15Z,10.27,
2A,2025-02-07T19:23:30Z,10.25,
2A,2025-02-07T19:23:45Z,10.67,
2A,2025-02-07T19:24:00Z,10.7,
2A,2025-02-07T19:24:15Z,10.63,
2A,2025-02-07T19:24:30Z,10.62,
2A,2025-02-07T19:24:45Z,10.61,
2A,2025-02-07T19:25:00Z,13.57,
2A,2025-02-07T19:25:15Z,10.62,
2A,2025-02-07T19:25:30Z,10.6,
2A,2025-02-07T19:25:45Z,10.6,
2A,2025-02-07T19:26:00Z,10.35,
2A,2025-02-07T19:26:15Z,10.21,
2A,2025-02-07T19:26:30Z,13.78,
2A,2025-02-07T19:26:45Z,11.189999999999998,
2A,2025-02-07T19:27:00Z,10.54,
2A,2025-02-07T19:27:15Z,9.62,
2A,2025-02-07T19:27:30Z,9.63,
2A,2025-02-07T19:27:45Z,12.83,
2A,2025-02-07T19:28:00Z,9.11,
2A,2025-02-07T19:28:15Z,9.09,
2A,2025-02-07T19:28:30Z,10.76,
2A,2025-02-07T19:28:45Z,10.54,
2A,2025-02-07T19:29:00Z,10.57,
2A,2025-02-07T19:29:15Z,10.54,
2A,2025-02-07T19:29:30Z,10.57,
2A,2025-02-07T19:29:45Z,10.53,
2A,2025-02-07T19:30:00Z,10.56,
2A,2025-02-07T19:30:15Z,10.54,
2A,2025-02-07T19:30:30Z,10.54,
2A,2025-02-07T19:30:45Z,13.47,
2A,2025-02-07T19:31:00Z,10.59,
2A,2025-02-07T19:31:15Z,10.58,
2A,2025-02-07T19:31:30Z,10.56,
2A,2025-02-07T19:31:45Z,10.59,
2A,2025-02-07T19:32:00Z,10.53,
2A,2025-02-07T19:32:15Z,14.1,
2A,2025-02-07T19:32:30Z,10.56,
2A,2025-02-07T19:32:45Z,10.54,
2A,2025-02-07T19:33:00Z,10.49,
2A,2025-02-07T19:33:15Z,10.65,
2A,2025-02-07T19:33:30Z,13.73,
2A,2025-02-07T19:33:45Z,10.52,
2A,2025-02-07T19:34:00Z,10.51,
2A,2025-02-07T19:34:15Z,10.510000000000002,
2A,2025-02-07T19:34:30Z,10.53,
2A,2025-02-07T19:34:45Z,9.010000000000002,
2A,2025-02-07T19:35:00Z,9.97,
2A,2025-02-07T19:35:15Z,9.47,
2A,2025-02-07T19:35:30Z,9.38,
2A,2025-02-07T19:35:45Z,10.0,
2A,2025-02-07T19:36:00Z,10.02,
2A,2025-02-07T19:36:15Z,9.96,
2A,2025-02-07T19:36:30Z,13.03,
2A,2025-02-07T19:36:45Z,9.95,
2A,2025-02-07T19:37:00Z,9.86,
2A,2025-02-07T19:37:15Z,10.05,
2A,2025-02-07T19:37:30Z,9.94,
2A,2025-02-07T19:37:45Z,10.93,
2A,2025-02-07T19:38:00Z,14.77,
2A,2025-02-07T19:38:15Z,10.89,
2A,2025-02-07T19:38:30Z,10.46,
2A,2025-02-07T19:38:45Z,10.49,
2A,2025-02-07T19:39:00Z,10.5,
2A,2025-02-07T19:39:15Z,11.25,
2A,2025-02-07T19:39:30Z,11.28,
2A,2025-02-07T19:39:45Z,11.79,
2A,2025-02-07T19:40:00Z,12.45,
2A,2025-02-07T19:40:15Z,12.52,
2A,2025-02-07T19:40:30Z,12.48,
2A,2025-02-07T19:40:45Z,11.909999999999998,
2A,2025-02-07T19:41:00Z,11.96,
2A,2025-02-07T19:41:15Z,11.91,
2A,2025-02-07T19:41:30Z,11.95,
2A,2025-02-07T19:41:45Z,11.31,
2A,2025-02-07T19:42:00Z,11.28,
2A,2025-02-07T19:42:15Z,14.349999999999998,
2A,2025-02-07T19:42:30Z,11.3,
2A,2025-02-07T19:42:45Z,11.29,
2A,2025-02-07T19:43:00Z,11.27,
2A,2025-02-07T19:43:15Z,11.7,
2A,2025-02-07T19:43:30Z,11.75,
2A,2025-02-07T19:43:45Z,15.62,
2A,2025-02-07T19:44:00Z,11.64,
2A,2025-02-07T19:44:15Z,11.63,
2A,2025-02-07T19:44:30Z,11.68,
2A,2025-02-07T19:44:45Z,11.64,
2A,2025-02-07T19:45:00Z,11.59,
2A,2025-02-07T19:45:15Z,14.13,
2A,2025-02-07T19:45:30Z,11.89,
2A,2025-02-07T19:45:45Z,11.79,
2A,2025-02-07T19:46:00Z,10.8,
2A,2025-02-07T19:46:15Z,9.33,
2A,2025-02-07T19:46:30Z,9.71,
2A,2025-02-07T19:46:45Z,13.12,
2A,2025-02-07T19:47:00Z,9.71,
2A,2025-02-07T19:47:15Z,10.29,
2A,2025-02-07T19:47:30Z,9.65,
2A,2025-02-07T19:47:45Z,9.72,
2A,2025-02-07T19:48:00Z,12.97,
2A,2025-02-07T19:48:15Z,9.76,
2A,2025-02-07T19:48:30Z,9.77,
2A,2025-02-07T19:48:45Z,9.71,
2A,2025-02-07T19:49:00Z,9.72,
2A,2025-02-07T19:49:15Z,9.72,
2A,2025-02-07T19:49:30Z,9.69,
2A,2025-02-07T19:49:45Z,10.15,
2A,2025-02-07T19:50:00Z,9.84,
2A,2025-02-07T19:50:15Z,9.79,
2A,2025-02-07T19:50:30Z,9.8,
2A,2025-02-07T19:50:45Z,9.32,
2A,2025-02-07T19:51:00Z,12.329999999999998,
2A,2025-02-07T19:51:15Z,9.25,
2A,2025-02-07T19:51:30Z,8.97,
2A,2025-02-07T19:51:45Z,8.75,
2A,2025-02-07T19:52:00Z,8.74,
2A,2025-02-07T19:52:15Z,8.72,
2A,2025-02-07T19:52:30Z,12.47,
2A,2025-02-07T19:52:45Z,8.72,
2A,2025-02-07T19:53:00Z,8.72,
2A,2025-02-07T19:53:15Z,8.74,
2A,2025-02-07T19:53:30Z,8.75,
2A,2025-02-07T19:53:45Z,7.24,
2A,2025-02-07T19:54:00Z,8.26,
2A,2025-02-07T19:54:15Z,7.319999999999999,
2A,2025-02-07T19:54:30Z,7.32,
2A,2025-02-07T19:54:45Z,7.23,
2A,2025-02-07T19:55:00Z,7.27,
2A,2025-02-07T19:55:15Z,7.859999999999999,
2A,2025-02-07T19:55:30Z,7.82,
2A,2025-02-07T19:55:45Z,7.76,
2A,2025-02-07T19:56:00Z,7.77,
2A,2025-02-07T19:56:15Z,7.75,
2A,2025-02-07T19:56:30Z,7.76,
2A,2025-02-07T19:56:45Z,10.87,
2A,2025-02-07T19:57:00Z,9.25,
2A,2025-02-07T19:57:15Z,8.74,
2A,2025-02-07T19:57:30Z,8.75,
2A,2025-02-07T19:57:45Z,8.89,
2A,2025-02-07T19:58:00Z,9.17,
2A,2025-02-07T19:58:15Z,12.970000000000002,
2A,2025-02-07T19:58:30Z,9.23,
2A,2025-02-07T19:58:45Z,9.24,
2A,2025-02-07T19:59:00Z,11.57,
2A,2025-02-07T19:59:15Z,12.56,
2A,2025-02-07T19:59:30Z,12.51,
2A,2025-02-07T19:59:45Z,15.3,
2A,2025-02-07T20:00:00Z,12.49,
2A,2025-02-07T20:00:15Z,12.51,
2A,2025-02-07T20:00:30Z,12.51,
2A,2025-02-07T20:00:45Z,12.52,
2A,2025-02-07T20:01:00Z,12.55,
2A,2025-02-07T20:01:15Z,12.66,
2A,2025-02-07T20:01:30Z,12.57,
2A,2025-02-07T20:01:45Z,12.54,
2A,2025-02-07T20:02:00Z,12.54,
2A,2025-02-07T20:02:15Z,12.55,
2A,2025-02-07T20:02:30Z,15.68,
2A,2025-02-07T20:02:45Z,12.53,
2A,2025-02-07T20:03:00Z,12.56,
2A,2025-02-07T20:03:15Z,12.5,
2A,2025-02-07T20:03:30Z,12.62,
2A,2025-02-07T20:03:45Z,12.62,
2A,2025-02-07T20:04:00Z,12.63,
2A,2025-02-07T20:04:15Z,12.57,
2A,2025-02-07T20:04:30Z,12.59,
2A,2025-02-07T20:04:45Z,12.489999999999998,
2A,2025-02-07T20:05:00Z,12.45,
2A,2025-02-07T20:05:15Z,12.96,
2A,2025-02-07T20:05:30Z,15.87,
2A,2025-02-07T20:05:45Z,14.53,
2A,2025-02-07T20:06:00Z,12.53,
2A,2025-02-07T20:06:15Z,11.58,
2A,2025-02-07T20:06:30Z,11.56,
2A,2025-02-07T20:06:45Z,11.6,
2A,2025-02-07T20:07:00Z,15.26,
2A,2025-02-07T20:07:15Z,11.05,
2A,2025-02-07T20:07:30Z,11.02,
2A,2025-02-07T20:07:45Z,11.01,
2A,2025-02-07T20:08:00Z,11.07,
2A,2025-02-07T20:08:15Z,11.02,
2A,2025-02-07T20:08:30Z,11.0,
2A,2025-02-07T20:08:45Z,11.06,
2A,2025-02-07T20:09:00Z,11.07,
2A,2025-02-07T20:09:15Z,12.46,
2A,2025-02-07T20:09:30Z,11.46,
2A,2025-02-07T20:09:45Z,11.42,
2A,2025-02-07T20:10:00Z,11.42,
2A,2025-02-07T20:10:15Z,11.26,
2A,2025-02-07T20:10:30Z,10.81,
2A,2025-02-07T20:10:45Z,10.84,
2A,2025-02-07T20:11:00Z,10.82,
2A,2025-02-07T20:11:15Z,14.55,
2A,2025-02-07T20:11:30Z,11.37,
2A,2025-02-07T20:11:45Z,11.39,
2A,2025-02-07T20:12:00Z,9.87,
2A,2025-02-07T20:12:15Z,9.86,
2A,2025-02-07T20:12:30Z,9.79,
2A,2025-02-07T20:12:45Z,9.77,
2A,2025-02-07T20:13:00Z,9.48,
2A,2025-02-07T20:13:15Z,9.43,
2A,2025-02-07T20:13:30Z,9.43,
2A,2025-02-07T20:13:45Z,9.42,
2A,2025-02-07T20:14:00Z,9.47,
2A,2025-02-07T20:14:15Z,12.36,
2A,2025-02-07T20:14:30Z,9.69,
2A,2025-02-07T20:14:45Z,9.67,
2A,2025-02-07T20:15:00Z,11.77,
2A,2025-02-07T20:15:15Z,11.68,
2A,2025-02-07T20:15:30Z,11.16,
2A,2025-02-07T20:15:45Z,14.53,
2A,2025-02-07T20:16:00Z,11.11,
2A,2025-02-07T20:16:15Z,11.17,
2A,2025-02-07T20:16:30Z,10.48,
2A,2025-02-07T20:16:45Z,10.49,
2A,2025-02-07T20:17:00Z,13.71,
2A,2025-02-07T20:17:15Z,10.42,
2A,2025-02-07T20:17:30Z,10.42,
2A,2025-02-07T20:17:45Z,10.42,
2A,2025-02-07T20:18:00Z,10.45,
2A,2025-02-07T20:18:15Z,9.95,
2A,2025-02-07T20:18:30Z,13.58,
2A,2025-02-07T20:18:45Z,10.82,
2A,2025-02-07T20:19:00Z,10.990000000000002,
2A,2025-02-07T20:19:15Z,10.92,
2A,2025-02-07T20:19:30Z,10.93,
2A,2025-02-07T20:19:45Z,11.07,
2A,2025-02-07T20:20:00Z,13.97,
2A,2025-02-07T20:20:15Z,11.03,
2A,2025-02-07T20:20:30Z,11.09,
2A,2025-02-07T20:20:45Z,11.48,
2A,2025-02-07T20:21:00Z,12.0,
2A,2025-02-07T20:21:15Z,11.95,
2A,2025-02-07T20:21:30Z,15.38,
2A,2025-02-07T20:21:45Z,10.76,
2A,2025-02-07T20:22:00Z,10.7,
2A,2025-02-07T20:22:15Z,10.74,
2A,2025-02-07T20:22:30Z,10.43,
2A,2025-02-07T20:22:45Z,13.44,
2A,2025-02-07T20:23:00Z,10.23,
2A,2025-02-07T20:23:15Z,10.19,
2A,2025-02-07T20:23:30Z,10.18,
2A,2025-02-07T20:23:45Z,10.159999999999998,
2A,2025-02-07T20:24:00Z,11.61,
2A,2025-02-07T20:24:15Z,11.04,
2A,2025-02-07T20:24:30Z,10.650000000000002,
2A,2025-02-07T20:24:45Z,10.670000000000002,
2A,2025-02-07T20:25:00Z,10.64,
2A,2025-02-07T20:25:15Z,11.21,
2A,2025-02-07T20:25:30Z,11.19,
2A,2025-02-07T20:25:45Z,9.62,
2A,2025-02-07T20:26:00Z,9.62,
2A,2025-02-07T20:26:15Z,9.56,
2A,2025-02-07T20:26:30Z,9.44,
2A,2025-02-07T20:26:45Z,8.97,
2A,2025-02-07T20:27:00Z,7.93,
2A,2025-02-07T20:27:15Z,7.4,
2A,2025-02-07T20:27:30Z,7.42,
2A,2025-02-07T20:27:45Z,7.35,
2A,2025-02-07T20:28:00Z,7.32,
2A,2025-02-07T20:28:15Z,7.32,
2A,2025-02-07T20:28:30Z,7.359999999999999,
2A,2025-02-07T20:28:45Z,7.33,
2A,2025-02-07T20:29:00Z,7.33,
2A,2025-02-07T20:29:15Z,7.33,
2A,2025-02-07T20:29:30Z,7.32,
2A,2025-02-07T20:29:45Z,7.31,
2A,2025-02-07T20:30:00Z,8.78,
2A,2025-02-07T20:30:15Z,8.87,
2A,2025-02-07T20:30:30Z,8.91,
2A,2025-02-07T20:30:45Z,8.85,
2A,2025-02-07T20:31:00Z,8.86,
2A,2025-02-07T20:31:15Z,8.89,
2A,2025-02-07T20:31:30Z,8.84,
2A,2025-02-07T20:31:45Z,8.8,
2A,2025-02-07T20:32:00Z,8.84,
2A,2025-02-07T20:32:15Z,8.82,
2A,2025-02-07T20:32:30Z,9.24,
2A,2025-02-07T20:32:45Z,9.23,
2A,2025-02-07T20:33:00Z,9.23,
2A,2025-02-07T20:33:15Z,9.21,
2A,2025-02-07T20:33:30Z,9.24,
2A,2025-02-07T20:33:45Z,9.2,
2A,2025-02-07T20:34:00Z,9.21,
2A,2025-02-07T20:34:15Z,9.28,
2A,2025-02-07T20:34:30Z,9.2,
2A,2025-02-07T20:34:45Z,9.22,
2A,2025-02-07T20:35:00Z,9.27,
2A,2025-02-07T20:35:15Z,9.22,
2A,2025-02-07T20:35:30Z,9.83,
2A,2025-02-07T20:35:45Z,9.74,
2A,2025-02-07T20:36:00Z,9.91,
2A,2025-02-07T20:36:15Z,9.91,
2A,2025-02-07T20:36:30Z,10.13,
2A,2025-02-07T20:36:45Z,10.0,
2A,2025-02-07T20:37:00Z,10.28,
2A,2025-02-07T20:37:15Z,10.26,
2A,2025-02-07T20:37:30Z,9.7,
2A,2025-02-07T20:37:45Z,9.72,
2A,2025-02-07T20:38:00Z,9.72,
2A,2025-02-07T20:38:15Z,9.69,
2A,2025-02-07T20:38:30Z,9.72,
2A,2025-02-07T20:38:45Z,9.72,
2A,2025-02-07T20:39:00Z,10.63,
2A,2025-02-07T20:39:15Z,10.54,
2A,2025-02-07T20:39:30Z,11.64,
2A,2025-02-07T20:39:45Z,11.98,
2A,2025-02-07T20:40:00Z,12.59,
2A,2025-02-07T20:40:15Z,12.13,
2A,2025-02-07T20:40:30Z,12.13,
2A,2025-02-07T20:40:45Z,12.26,
2A,2025-02-07T20:41:00Z,11.69,
2A,2025-02-07T20:41:15Z,11.65,
2A,2025-02-07T20:41:30Z,11.94,
2A,2025-02-07T20:41:45Z,11.74,
2A,2025-02-07T20:42:00Z,11.589999999999998,
2A,2025-02-07T20:42:15Z,11.599999999999998,
2A,2025-02-07T20:42:30Z,11.56,
2A,2025-02-07T20:42:45Z,11.57,
2A,2025-02-07T20:43:00Z,11.65,
2A,2025-02-07T20:43:15Z,11.55,
2A,2025-02-07T20:43:30Z,11.55,
2A,2025-02-07T20:43:45Z,11.589999999999998,
2A,2025-02-07T20:44:00Z,12.07,
2A,2025-02-07T20:44:15Z,10.49,
2A,2025-02-07T20:44:30Z,10.49,
2A,2025-02-07T20:44:45Z,10.47,
2A,2025-02-07T20:45:00Z,10.47,
2A,2025-02-07T20:45:15Z,10.91,
2A,2025-02-07T20:45:30Z,9.55,
2A,2025-02-07T20:45:45Z,9.62,
2A,2025-02-07T20:46:00Z,9.97,
2A,2025-02-07T20:46:15Z,9.47,
2A,2025-02-07T20:46:30Z,9.51,
2A,2025-02-07T20:46:45Z,9.47,
2A,2025-02-07T20:47:00Z,9.34,
2A,2025-02-07T20:47:15Z,10.34,
2A,2025-02-07T20:47:30Z,10.42,
2A,2025-02-07T20:47:45Z,10.45,
2A,2025-02-07T20:48:00Z,9.99,
2A,2025-02-07T20:48:15Z,10.0,
2A,2025-02-07T20:48:30Z,10.06,
2A,2025-02-07T20:48:45Z,10.03,
2A,2025-02-07T20:49:00Z,10.0,
2A,2025-02-07T20:49:15Z,10.25,
2A,2025-02-07T20:49:30Z,10.29,
2A,2025-02-07T20:49:45Z,10.239999999999998,
2A,2025-02-07T20:50:00Z,10.21,
2A,2025-02-07T20:50:15Z,10.21,
2A,2025-02-07T20:50:30Z,10.21,
2A,2025-02-07T20:50:45Z,10.23,
2A,2025-02-07T20:51:00Z,10.34,
2A,2025-02-07T20:51:15Z,10.34,
2A,2025-02-07T20:51:30Z,10.32,
2A,2025-02-07T20:51:45Z,10.31,
2A,2025-02-07T20:52:00Z,10.29,
2A,2025-02-07T20:52:15Z,10.29,
2A,2025-02-07T20:52:30Z,10.27,
2A,2025-02-07T20:52:45Z,10.28,
2A,2025-02-07T20:53:00Z,10.3,
2A,2025-02-07T20:53:15Z,10.3,
2A,2025-02-07T20:53:30Z,10.08,
2A,2025-02-07T20:53:45Z,10.09,
2A,2025-02-07T20:54:00Z,10.08,
2A,2025-02-07T20:54:15Z,10.07,
2A,2025-02-07T20:54:30Z,10.07,
2A,2025-02-07T20:54:45Z,10.07,
2A,2025-02-07T20:55:00Z,10.06,
2A,2025-02-07T20:55:15Z,11.9,
2A,2025-02-07T20:55:30Z,12.31,
2A,2025-02-07T20:55:45Z,12.3,
2A,2025-02-07T20:56:00Z,12.28,
2A,2025-02-07T20:56:15Z,10.82,
2A,2025-02-07T20:56:30Z,10.82,
2A,2025-02-07T20:56:45Z,11.42,
2A,2025-02-07T20:57:00Z,11.36,
2A,2025-02-07T20:57:15Z,11.3,
2A,2025-02-07T20:57:30Z,11.27,
2A,2025-02-07T20:57:45Z,11.23,
2A,2025-02-07T20:58:00Z,11.24,
2A,2025-02-07T20:58:15Z,11.68,
2A,2025-02-07T20:58:30Z,11.76,
2A,2025-02-07T20:58:45Z,11.24,
2A,2025-02-07T20:59:00Z,10.92,
2A,2025-02-07T20:59:15Z,11.68,
2A,2025-02-07T20:59:30Z,11.61,
2A,2025-02-07T20:59:45Z,11.69,
2A,2025-02-07T21:00:00Z,10.22,
2A,2025-02-07T21:00:15Z,9.81,
2A,2025-02-07T21:00:30Z,10.03,
2A,2025-02-07T21:00:45Z,10.0,
2A,2025-02-07T21:01:00Z,10.03,
2A,2025-02-07T21:01:15Z,10.3,
2A,2025-02-07T21:01:30Z,10.32,
2A,2025-02-07T21:01:45Z,10.329999999999998,
2A,2025-02-07T21:02:00Z,11.11,
2A,2025-02-07T21:02:15Z,9.26,
2A,2025-02-07T21:02:30Z,9.22,
2A,2025-02-07T21:02:45Z,9.69,
2A,2025-02-07T21:03:00Z,11.07,
2A,2025-02-07T21:03:15Z,11.04,
2A,2025-02-07T21:03:30Z,11.05,
2A,2025-02-07T21:03:45Z,11.1,
2A,2025-02-07T21:04:00Z,11.1,
2A,2025-02-07T21:04:15Z,10.999999999999998,
2A,2025-02-07T21:04:30Z,10.83,
2A,2025-02-07T21:04:45Z,10.86,
2A,2025-02-07T21:05:00Z,10.81,
2A,2025-02-07T21:05:15Z,10.74,
2A,2025-02-07T21:05:30Z,9.92,
2A,2025-02-07T21:05:45Z,9.9,
2A,2025-02-07T21:06:00Z,9.65,
2A,2025-02-07T21:06:15Z,9.11,
2A,2025-02-07T21:06:30Z,9.08,
2A,2025-02-07T21:06:45Z,9.1,
2A,2025-02-07T21:07:00Z,9.1,
2A,2025-02-07T21:07:15Z,9.55,
2A,2025-02-07T21:07:30Z,10.13,
2A,2025-02-07T21:07:45Z,10.06,
2A,2025-02-07T21:08:00Z,9.96,
2A,2025-02-07T21:08:15Z,9.95,
2A,2025-02-07T21:08:30Z,9.96,
2A,2025-02-07T21:08:45Z,9.94,
2A,2025-02-07T21:09:00Z,9.98,
2A,2025-02-07T21:09:15Z,9.96,
2A,2025-02-07T21:09:30Z,9.41,
2A,2025-02-07T21:09:45Z,9.47,
2A,2025-02-07T21:10:00Z,9.4,
2A,2025-02-07T21:10:15Z,9.41,
2A,2025-02-07T21:10:30Z,9.41,
2A,2025-02-07T21:10:45Z,9.36,
2A,2025-02-07T21:11:00Z,9.0,
2A,2025-02-07T21:11:15Z,9.58,
2A,2025-02-07T21:11:30Z,9.55,
2A,2025-02-07T21:11:45Z,10.51,
2A,2025-02-07T21:12:00Z,10.14,
2A,2025-02-07T21:12:15Z,9.54,
2A,2025-02-07T21:12:30Z,9.69,
2A,2025-02-07T21:12:45Z,8.43,
2A,2025-02-07T21:13:00Z,8.41,
2A,2025-02-07T21:13:15Z,8.510000000000002,
2A,2025-02-07T21:13:30Z,8.45,
2A,2025-02-07T21:13:45Z,8.45,
2A,2025-02-07T21:14:00Z,8.47,
2A,2025-02-07T21:14:15Z,8.47,
2A,2025-02-07T21:14:30Z,7.83,
2A,2025-02-07T21:14:45Z,7.83,
2A,2025-02-07T21:15:00Z,9.66,
2A,2025-02-07T21:15:15Z,9.47,
2A,2025-02-07T21:15:30Z,10.75,
2A,2025-02-07T21:15:45Z,10.82,
2A,2025-02-07T21:16:00Z,10.9,
2A,2025-02-07T21:16:15Z,10.9,
2A,2025-02-07T21:16:30Z,10.99,
2A,2025-02-07T21:16:45Z,11.03,
2A,2025-02-07T21:17:00Z,11.06,
2A,2025-02-07T21:17:15Z,11.03,
2A,2025-02-07T21:17:30Z,10.64,
2A,2025-02-07T21:17:45Z,10.64,
2A,2025-02-07T21:18:00Z,10.64,
2A,2025-02-07T21:18:15Z,11.21,
2A,2025-02-07T21:18:30Z,11.909999999999998,
2A,2025-02-07T21:18:45Z,12.03,
2A,2025-02-07T21:19:00Z,11.86,
2A,2025-02-07T21:19:15Z,12.23,
2A,2025-02-07T21:19:30Z,12.2,
2A,2025-02-07T21:19:45Z,12.169999999999998,
2A,2025-02-07T21:20:00Z,12.2,
2A,2025-02-07T21:20:15Z,11.64,
2A,2025-02-07T21:20:30Z,11.61,
2A,2025-02-07T21:20:45Z,11.58,
2A,2025-02-07T21:21:00Z,11.59,
2A,2025-02-07T21:21:15Z,11.58,
2A,2025-02-07T21:21:30Z,11.61,
2A,2025-02-07T21:21:45Z,11.65,
2A,2025-02-07T21:22:00Z,11.65,
2A,2025-02-07T21:22:15Z,11.72,
2A,2025-02-07T21:22:30Z,11.64,
2A,2025-02-07T21:22:45Z,11.26,
2A,2025-02-07T21:23:00Z,11.16,
2A,2025-02-07T21:23:15Z,11.17,
2A,2025-02-07T21:23:30Z,11.19,
2A,2025-02-07T21:23:45Z,11.18,
2A,2025-02-07T21:24:00Z,11.2,
2A,2025-02-07T21:24:15Z,11.18,
2A,2025-02-07T21:24:30Z,11.06,
2A,2025-02-07T21:24:45Z,11.07,
2A,2025-02-07T21:25:00Z,11.05,
2A,2025-02-07T21:25:15Z,10.17,
2A,2025-02-07T21:25:30Z,10.18,
2A,2025-02-07T21:25:45Z,10.2,
2A,2025-02-07T21:26:00Z,10.2,
2A,2025-02-07T21:26:15Z,10.24,
2A,2025-02-07T21:26:30Z,10.18,
2A,2025-02-07T21:26:45Z,10.15,
2A,2025-02-07T21:27:00Z,10.18,
2A,2025-02-07T21:27:15Z,10.14,
2A,2025-02-07T21:27:30Z,10.13,
2A,2025-02-07T21:27:45Z,10.17,
2A,2025-02-07T21:28:00Z,10.46,
2A,2025-02-07T21:28:15Z,10.96,
2A,2025-02-07T21:28:30Z,10.92,
2A,2025-02-07T21:28:45Z,10.8,
2A,2025-02-07T21:29:00Z,10.84,
2A,2025-02-07T21:29:15Z,11.42,
2A,2025-02-07T21:29:30Z,11.36,
2A,2025-02-07T21:29:45Z,11.36,
2A,2025-02-07T21:30:00Z,11.36,
2A,2025-02-07T21:30:15Z,9.94,
2A,2025-02-07T21:30:30Z,9.93,
2A,2025-02-07T21:30:45Z,9.86,
2A,2025-02-07T21:31:00Z,10.3,
2A,2025-02-07T21:31:15Z,9.71,
2A,2025-02-07T21:31:30Z,9.71,
2A,2025-02-07T21:31:45Z,8.34,
2A,2025-02-07T21:32:00Z,8.05,
2A,2025-02-07T21:32:15Z,8.06,
2A,2025-02-07T21:32:30Z,7.54,
2A,2025-02-07T21:32:45Z,7.630000000000001,
2A,2025-02-07T21:33:00Z,7.67,
2A,2025-02-07T21:33:15Z,7.640000000000001,
2A,2025-02-07T21:33:30Z,7.67,
2A,2025-02-07T21:33:45Z,7.640000000000001,
2A,2025-02-07T21:34:00Z,7.71,
2A,2025-02-07T21:34:15Z,7.699999999999999,
2A,2025-02-07T21:34:30Z,7.26,
2A,2025-02-07T21:34:45Z,7.359999999999999,
2A,2025-02-07T21:35:00Z,8.81,
2A,2025-02-07T21:35:15Z,8.74,
2A,2025-02-07T21:35:30Z,8.81,
2A,2025-02-07T21:35:45Z,9.22,
2A,2025-02-07T21:36:00Z,9.24,
2A,2025-02-07T21:36:15Z,9.2,
2A,2025-02-07T21:36:30Z,9.18,
2A,2025-02-07T21:36:45Z,9.41,
2A,2025-02-07T21:37:00Z,9.37,
2A,2025-02-07T21:37:15Z,9.32,
2A,2025-02-07T21:37:30Z,9.32,
2A,2025-02-07T21:37:45Z,8.91,
2A,2025-02-07T21:38:00Z,8.95,
2A,2025-02-07T21:38:15Z,8.91,
2A,2025-02-07T21:38:30Z,9.94,
2A,2025-02-07T21:38:45Z,10.16,
2A,2025-02-07T21:39:00Z,10.06,
2A,2025-02-07T21:39:15Z,10.15,
2A,2025-02-07T21:39:30Z,9.72,
2A,2025-02-07T21:39:45Z,9.76,
2A,2025-02-07T21:40:00Z,9.76,
2A,2025-02-07T21:40:15Z,10.4,
2A,2025-02-07T21:40:30Z,10.29,
2A,2025-02-07T21:40:45Z,10.08,
2A,2025-02-07T21:41:00Z,10.36,
2A,2025-02-07T21:41:15Z,10.3,
2A,2025-02-07T21:41:30Z,10.3,
2A,2025-02-07T21:41:45Z,10.86,
2A,2025-02-07T21:42:00Z,10.87,
2A,2025-02-07T21:42:15Z,10.36,
2A,2025-02-07T21:42:30Z,10.32,
2A,2025-02-07T21:42:45Z,10.21,
2A,2025-02-07T21:43:00Z,10.3,
2A,2025-02-07T21:43:15Z,10.24,
2A,2025-02-07T21:43:30Z,10.24,
2A,2025-02-07T21:43:45Z,10.22,
2A,2025-02-07T21:44:00Z,10.23,
2A,2025-02-07T21:44:15Z,10.21,
2A,2025-02-07T21:44:30Z,10.24,
2A,2025-02-07T21:44:45Z,9.98,
2A,2025-02-07T21:45:00Z,9.99,
2A,2025-02-07T21:45:15Z,9.14,
2A,2025-02-07T21:45:30Z,9.09,
2A,2025-02-07T21:45:45Z,9.09,
2A,2025-02-07T21:46:00Z,9.09,
2A,2025-02-07T21:46:15Z,8.72,
2A,2025-02-07T21:46:30Z,8.74,
2A,2025-02-07T21:46:45Z,8.74,
2A,2025-02-07T21:47:00Z,8.72,
2A,2025-02-07T21:47:15Z,8.72,
2A,2025-02-07T21:47:30Z,8.72,
2A,2025-02-07T21:47:45Z,10.13,
2A,2025-02-07T21:48:00Z,10.2,
2A,2025-02-07T21:48:15Z,10.2,
2A,2025-02-07T21:48:30Z,10.18,
2A,2025-02-07T21:48:45Z,8.82,
2A,2025-02-07T21:49:00Z,8.77,
2A,2025-02-07T21:49:15Z,8.66,
2A,2025-02-07T21:49:30Z,8.68,
2A,2025-02-07T21:49:45Z,8.66,
2A,2025-02-07T21:50:00Z,8.64,
2A,2025-02-07T21:50:15Z,8.65,
2A,2025-02-07T21:50:30Z,8.66,
2A,2025-02-07T21:50:45Z,8.71,
2A,2025-02-07T21:51:00Z,8.67,
2A,2025-02-07T21:51:15Z,10.19,
2A,2025-02-07T21:51:30Z,11.01,
2A,2025-02-07T21:51:45Z,12.37,
2A,2025-02-07T21:52:00Z,12.37,
2A,2025-02-07T21:52:15Z,12.4,
2A,2025-02-07T21:52:30Z,12.4,
2A,2025-02-07T21:52:45Z,12.44,
2A,2025-02-07T21:53:00Z,12.52,
2A,2025-02-07T21:53:15Z,12.55,
2A,2025-02-07T21:53:30Z,12.06,
2A,2025-02-07T21:53:45Z,12.31,
2A,2025-02-07T21:54:00Z,12.38,
2A,2025-02-07T21:54:15Z,13.12,
2A,2025-02-07T21:54:30Z,12.88,
2A,2025-02-07T21:54:45Z,12.83,
2A,2025-02-07T21:55:00Z,12.8,
2A,2025-02-07T21:55:15Z,12.8,
2A,2025-02-07T21:55:30Z,13.330000000000002,
2A,2025-02-07T21:55:45Z,13.33,
2A,2025-02-07T21:56:00Z,13.3,
2A,2025-02-07T21:56:15Z,13.32,
2A,2025-02-07T21:56:30Z,13.29,
2A,2025-02-07T21:56:45Z,13.28,
2A,2025-02-07T21:57:00Z,13.35,
2A,2025-02-07T21:57:15Z,13.250000000000002,
2A,2025-02-07T21:57:30Z,13.03,
2A,2025-02-07T21:57:45Z,13.05,
2A,2025-02-07T21:58:00Z,13.32,
2A,2025-02-07T21:58:15Z,11.48,
2A,2025-02-07T21:58:30Z,11.35,
2A,2025-02-07T21:58:45Z,11.23,
2A,2025-02-07T21:59:00Z,11.28,
2A,2025-02-07T21:59:15Z,12.090000000000002,
2A,2025-02-07T21:59:30Z,11.95,
2A,2025-02-07T21:59:45Z,10.82,
2A,2025-02-07T22:00:00Z,10.83,
2A,2025-02-07T22:00:15Z,10.8,
2A,2025-02-07T22:00:30Z,10.87,
2A,2025-02-07T22:00:45Z,10.8,
2A,2025-02-07T22:01:00Z,10.87,
2A,2025-02-07T22:01:15Z,10.87,
2A,2025-02-07T22:01:30Z,10.86,
2A,2025-02-07T22:01:45Z,10.84,
2A,2025-02-07T22:02:00Z,10.95,
2A,2025-02-07T22:02:15Z,10.84,
2A,2025-02-07T22:02:30Z,10.85,
2A,2025-02-07T22:02:45Z,10.88,
2A,2025-02-07T22:03:00Z,11.47,
2A,2025-02-07T22:03:15Z,11.4,
2A,2025-02-07T22:03:30Z,10.03,
2A,2025-02-07T22:03:45Z,10.55,
2A,2025-02-07T22:04:00Z,11.0,
2A,2025-02-07T22:04:15Z,9.52,
2A,2025-02-07T22:04:30Z,9.52,
2A,2025-02-07T22:04:45Z,9.52,
2A,2025-02-07T22:05:00Z,8.5,
2A,2025-02-07T22:05:15Z,8.51,
2A,2025-02-07T22:05:30Z,8.58,
2A,2025-02-07T22:05:45Z,7.880000000000001,
2A,2025-02-07T22:06:00Z,7.79,
2A,2025-02-07T22:06:15Z,9.09,
2A,2025-02-07T22:06:30Z,8.459999999999999,
2A,2025-02-07T22:06:45Z,8.38,
2A,2025-02-07T22:07:00Z,8.46,
2A,2025-02-07T22:07:15Z,9.79,
2A,2025-02-07T22:07:30Z,9.78,
2A,2025-02-07T22:07:45Z,9.82,
2A,2025-02-07T22:08:00Z,9.86,
2A,2025-02-07T22:08:15Z,9.81,
2A,2025-02-07T22:08:30Z,9.89,
2A,2025-02-07T22:08:45Z,9.82,
2A,2025-02-07T22:09:00Z,9.9,
2A,2025-02-07T22:09:15Z,9.89,
2A,2025-02-07T22:09:30Z,9.83,
2A,2025-02-07T22:09:45Z,9.38,
2A,2025-02-07T22:10:00Z,9.19,
2A,2025-02-07T22:10:15Z,9.14,
2A,2025-02-07T22:10:30Z,9.13,
2A,2025-02-07T22:10:45Z,9.14,
2A,2025-02-07T22:11:00Z,9.2,
2A,2025-02-07T22:11:15Z,9.82,
2A,2025-02-07T22:11:30Z,9.8,
2A,2025-02-07T22:11:45Z,9.79,
2A,2025-02-07T22:12:00Z,10.0,
2A,2025-02-07T22:12:15Z,9.39,
2A,2025-02-07T22:12:30Z,9.35,
2A,2025-02-07T22:12:45Z,9.36,
2A,2025-02-07T22:13:00Z,9.41,
2A,2025-02-07T22:13:15Z,9.35,
2A,2025-02-07T22:13:30Z,9.83,
2A,2025-02-07T22:13:45Z,9.79,
2A,2025-02-07T22:14:00Z,9.93,
2A,2025-02-07T22:14:15Z,10.52,
2A,2025-02-07T22:14:30Z,10.46,
2A,2025-02-07T22:14:45Z,10.43,
2A,2025-02-07T22:15:00Z,10.5,
2A,2025-02-07T22:15:15Z,10.46,
2A,2025-02-07T22:15:30Z,9.989999999999998,
2A,2025-02-07T22:15:45Z,10.05,
2A,2025-02-07T22:16:00Z,9.909999999999998,
2A,2025-02-07T22:16:15Z,9.31,
2A,2025-02-07T22:16:30Z,9.32,
2A,2025-02-07T22:16:45Z,9.3,
2A,2025-02-07T22:17:00Z,9.27,
2A,2025-02-07T22:17:15Z,9.22,
2A,2025-02-07T22:17:30Z,9.24,
2A,2025-02-07T22:17:45Z,9.24,
2A,2025-02-07T22:18:00Z,9.28,
2A,2025-02-07T22:18:15Z,9.18,
2A,2025-02-07T22:18:30Z,9.41,
2A,2025-02-07T22:18:45Z,9.39,
2A,2025-02-07T22:19:00Z,10.38,
2A,2025-02-07T22:19:15Z,10.17,
2A,2025-02-07T22:19:30Z,10.14,
2A,2025-02-07T22:19:45Z,10.17,
2A,2025-02-07T22:20:00Z,10.1,
2A,2025-02-07T22:20:15Z,9.94,
2A,2025-02-07T22:20:30Z,9.97,
2A,2025-02-07T22:20:45Z,9.96,
2A,2025-02-07T22:21:00Z,11.39,
2A,2025-02-07T22:21:15Z,11.39,
2A,2025-02-07T22:21:30Z,11.02,
2A,2025-02-07T22:21:45Z,11.54,
2A,2025-02-07T22:22:00Z,11.54,
2A,2025-02-07T22:22:15Z,11.35,
2A,2025-02-07T22:22:30Z,11.27,
2A,2025-02-07T22:22:45Z,11.31,
2A,2025-02-07T22:23:00Z,9.94,
2A,2025-02-07T22:23:15Z,9.8,
2A,2025-02-07T22:23:30Z,9.77,
2A,2025-02-07T22:23:45Z,9.79,
2A,2025-02-07T22:24:00Z,9.79,
2A,2025-02-07T22:24:15Z,9.84,
2A,2025-02-07T22:24:30Z,9.84,
2A,2025-02-07T22:24:45Z,9.8,
2A,2025-02-07T22:25:00Z,9.86,
2A,2025-02-07T22:25:15Z,9.84,
2A,2025-02-07T22:25:30Z,9.55,
2A,2025-02-07T22:25:45Z,9.51,
2A,2025-02-07T22:26:00Z,10.4,
2A,2025-02-07T22:26:15Z,10.35,
2A,2025-02-07T22:26:30Z,10.35,
2A,2025-02-07T22:26:45Z,10.39,
2A,2025-02-07T22:27:00Z,10.42,
2A,2025-02-07T22:27:15Z,10.38,
2A,2025-02-07T22:27:30Z,9.89,
2A,2025-02-07T22:27:45Z,9.87,
2A,2025-02-07T22:28:00Z,9.88,
2A,2025-02-07T22:28:15Z,9.85,
2A,2025-02-07T22:28:30Z,9.87,
2A,2025-02-07T22:28:45Z,9.91,
2A,2025-02-07T22:29:00Z,9.9,
2A,2025-02-07T22:29:15Z,9.98,
2A,2025-02-07T22:29:30Z,10.21,
2A,2025-02-07T22:29:45Z,10.53,
2A,2025-02-07T22:30:00Z,10.47,
2A,2025-02-07T22:30:15Z,10.85,
2A,2025-02-07T22:30:30Z,11.05,
2A,2025-02-07T22:30:45Z,11.05,
2A,2025-02-07T22:31:00Z,11.09,
2A,2025-02-07T22:31:15Z,10.56,
2A,2025-02-07T22:31:30Z,10.55,
2A,2025-02-07T22:31:45Z,10.68,
2A,2025-02-07T22:32:00Z,10.62,
2A,2025-02-07T22:32:15Z,10.7,
2A,2025-02-07T22:32:30Z,10.73,
2A,2025-02-07T22:32:45Z,10.670000000000002,
2A,2025-02-07T22:33:00Z,10.68,
2A,2025-02-07T22:33:15Z,10.57,
2A,2025-02-07T22:33:30Z,10.19,
2A,2025-02-07T22:33:45Z,10.19,
2A,2025-02-07T22:34:00Z,10.18,
2A,2025-02-07T22:34:15Z,10.39,
2A,2025-02-07T22:34:30Z,10.08,
2A,2025-02-07T22:34:45Z,10.06,
2A,2025-02-07T22:35:00Z,10.01,
2A,2025-02-07T22:35:15Z,10.01,
2A,2025-02-07T22:35:30Z,9.96,
2A,2025-02-07T22:35:45Z,9.94,
2A,2025-02-07T22:36:00Z,9.99,
2A,2025-02-07T22:36:15Z,9.96,
2A,2025-02-07T22:36:30Z,9.96,
2A,2025-02-07T22:36:45Z,10.03,
2A,2025-02-07T22:37:00Z,9.14,
2A,2025-02-07T22:37:15Z,9.07,
2A,2025-02-07T22:37:30Z,9.12,
2A,2025-02-07T22:37:45Z,9.07,
2A,2025-02-07T22:38:00Z,9.1,
2A,2025-02-07T22:38:15Z,9.9,
2A,2025-02-07T22:38:30Z,8.43,
2A,2025-02-07T22:38:45Z,8.44,
2A,2025-02-07T22:39:00Z,7.98,
2A,2025-02-07T22:39:15Z,7.93,
2A,2025-02-07T22:39:30Z,7.970000000000001,
2A,2025-02-07T22:39:45Z,7.98,
2A,2025-02-07T22:40:00Z,8.02,
2A,2025-02-07T22:40:15Z,8.02,
2A,2025-02-07T22:40:30Z,7.95,
2A,2025-02-07T22:40:45Z,7.95,
2A,2025-02-07T22:41:00Z,7.949999999999999,
2A,2025-02-07T22:41:15Z,7.93,
2A,2025-02-07T22:41:30Z,8.75,
2A,2025-02-07T22:41:45Z,9.81,
2A,2025-02-07T22:42:00Z,9.7,
2A,2025-02-07T22:42:15Z,9.7,
2A,2025-02-07T22:42:30Z,9.99,
2A,2025-02-07T22:42:45Z,9.98,
2A,2025-02-07T22:43:00Z,9.96,
2A,2025-02-07T22:43:15Z,9.98,
2A,2025-02-07T22:43:30Z,9.93,
2A,2025-02-07T22:43:45Z,9.92,
2A,2025-02-07T22:44:00Z,9.98,
2A,2025-02-07T22:44:15Z,9.93,
2A,2025-02-07T22:44:30Z,10.05,
2A,2025-02-07T22:44:45Z,10.62,
2A,2025-02-07T22:45:00Z,10.36,
2A,2025-02-07T22:45:15Z,9.96,
2A,2025-02-07T22:45:30Z,10.0,
2A,2025-02-07T22:45:45Z,10.15,
2A,2025-02-07T22:46:00Z,9.63,
2A,2025-02-07T22:46:15Z,9.39,
2A,2025-02-07T22:46:30Z,9.34,
2A,2025-02-07T22:46:45Z,8.93,
2A,2025-02-07T22:47:00Z,8.92,
2A,2025-02-07T22:47:15Z,8.89,
2A,2025-02-07T22:47:30Z,8.959999999999999,
2A,2025-02-07T22:47:45Z,9.02,
2A,2025-02-07T22:48:00Z,8.97,
2A,2025-02-07T22:48:15Z,8.92,
2A,2025-02-07T22:48:30Z,9.57,
2A,2025-02-07T22:48:45Z,9.45,
2A,2025-02-07T22:49:00Z,9.46,
2A,2025-02-07T22:49:15Z,9.44,
2A,2025-02-07T22:49:30Z,11.15,
2A,2025-02-07T22:49:45Z,11.66,
2A,2025-02-07T22:50:00Z,11.66,
2A,2025-02-07T22:50:15Z,11.669999999999998,
2A,2025-02-07T22:50:30Z,11.02,
2A,2025-02-07T22:50:45Z,11.37,
2A,2025-02-07T22:51:00Z,11.37,
2A,2025-02-07T22:51:15Z,11.39,
2A,2025-02-07T22:51:30Z,11.35,
2A,2025-02-07T22:51:45Z,11.34,
2A,2025-02-07T22:52:00Z,11.36,
2A,2025-02-07T22:52:15Z,11.33,
2A,2025-02-07T22:52:30Z,11.36,
2A,2025-02-07T22:52:45Z,10.94,
2A,2025-02-07T22:53:00Z,10.98,
2A,2025-02-07T22:53:15Z,10.840000000000002,
2A,2025-02-07T22:53:30Z,11.27,
2A,2025-02-07T22:53:45Z,11.71,
2A,2025-02-07T22:54:00Z,11.25,
2A,2025-02-07T22:54:15Z,11.18,
2A,2025-02-07T22:54:30Z,13.0,
2A,2025-02-07T22:54:45Z,12.47,
2A,2025-02-07T22:55:00Z,12.45,
2A,2025-02-07T22:55:15Z,10.99,
2A,2025-02-07T22:55:30Z,11.010000000000002,
2A,2025-02-07T22:55:45Z,11.04,
2A,2025-02-07T22:56:00Z,11.07,
2A,2025-02-07T22:56:15Z,10.99,
2A,2025-02-07T22:56:30Z,9.27,
2A,2025-02-07T22:56:45Z,9.23,
2A,2025-02-07T22:57:00Z,8.870000000000001,
2A,2025-02-07T22:57:15Z,9.81,
2A,2025-02-07T22:57:30Z,9.72,
2A,2025-02-07T22:57:45Z,9.73,
2A,2025-02-07T22:58:00Z,9.83,
2A,2025-02-07T22:58:15Z,10.98,
2A,2025-02-07T22:58:30Z,10.96,
2A,2025-02-07T22:58:45Z,11.010000000000002,
2A,2025-02-07T22:59:00Z,11.09,
2A,2025-02-07T22:59:15Z,11.07,
2A,2025-02-07T22:59:30Z,11.09,
2A,2025-02-07T22:59:45Z,11.13,
2A,2025-02-07T23:00:00Z,11.14,
2A,2025-02-07T23:00:15Z,11.72,
2A,2025-02-07T23:00:30Z,11.71,
2A,2025-02-07T23:00:45Z,11.59,
2A,2025-02-07T23:01:00Z,11.61,
2A,2025-02-07T23:01:15Z,11.58,
2A,2025-02-07T23:01:30Z,11.6,
2A,2025-02-07T23:01:45Z,11.56,
2A,2025-02-07T23:02:00Z,11.56,
2A,2025-02-07T23:02:15Z,11.03,
2A,2025-02-07T23:02:30Z,11.04,
2A,2025-02-07T23:02:45Z,11.03,
2A,2025-02-07T23:03:00Z,11.1,
2A,2025-02-07T23:03:15Z,11.1,
2A,2025-02-07T23:03:30Z,11.14,
2A,2025-02-07T23:03:45Z,11.3,
2A,2025-02-07T23:04:00Z,10.39,
2A,2025-02-07T23:04:15Z,10.34,
2A,2025-02-07T23:04:30Z,10.36,
2A,2025-02-07T23:04:45Z,10.36,
2A,2025-02-07T23:05:00Z,10.48,
2A,2025-02-07T23:05:15Z,10.47,
2A,2025-02-07T23:05:30Z,10.91,
2A,2025-02-07T23:05:45Z,10.84,
2A,2025-02-07T23:06:00Z,10.83,
2A,2025-02-07T23:06:15Z,11.19,
2A,2025-02-07T23:06:30Z,11.07,
2A,2025-02-07T23:06:45Z,11.05,
2A,2025-02-07T23:07:00Z,11.07,
2A,2025-02-07T23:07:15Z,11.04,
2A,2025-02-07T23:07:30Z,11.02,
2A,2025-02-07T23:07:45Z,11.02,
2A,2025-02-07T23:08:00Z,10.94,
2A,2025-02-07T23:08:15Z,10.94,
2A,2025-02-07T23:08:30Z,10.91,
2A,2025-02-07T23:08:45Z,10.9,
2A,2025-02-07T23:09:00Z,10.59,
2A,2025-02-07T23:09:15Z,10.45,
2A,2025-02-07T23:09:30Z,10.46,
2A,2025-02-07T23:09:45Z,10.46,
2A,2025-02-07T23:10:00Z,10.25,
2A,2025-02-07T23:10:15Z,10.23,
2A,2025-02-07T23:10:30Z,10.25,
2A,2025-02-07T23:10:45Z,8.8,
2A,2025-02-07T23:11:00Z,7.34,
2A,2025-02-07T23:11:15Z,7.289999999999999,
2A,2025-02-07T23:11:30Z,7.24,
2A,2025-02-07T23:11:45Z,7.25,
2A,2025-02-07T23:12:00Z,7.890000000000001,
2A,2025-02-07T23:12:15Z,7.800000000000001,
2A,2025-02-07T23:12:30Z,7.77,
2A,2025-02-07T23:12:45Z,7.779999999999999,
2A,2025-02-07T23:13:00Z,7.83,
2A,2025-02-07T23:13:15Z,8.32,
2A,2025-02-07T23:13:30Z,8.34,
2A,2025-02-07T23:13:45Z,8.28,
2A,2025-02-07T23:14:00Z,7.77,
2A,2025-02-07T23:14:15Z,8.6,
2A,2025-02-07T23:14:30Z,8.620000000000001,
2A,2025-02-07T23:14:45Z,8.64,
2A,2025-02-07T23:15:00Z,9.18,
2A,2025-02-07T23:15:15Z,8.76,
2A,2025-02-07T23:15:30Z,8.78,
2A,2025-02-07T23:15:45Z,8.77,
2A,2025-02-07T23:16:00Z,8.77,
2A,2025-02-07T23:16:15Z,8.75,
2A,2025-02-07T23:16:30Z,8.73,
2A,2025-02-07T23:16:45Z,8.71,
2A,2025-02-07T23:17:00Z,8.74,
2A,2025-02-07T23:17:15Z,9.55,
2A,2025-02-07T23:17:30Z,9.55,
2A,2025-02-07T23:17:45Z,10.57,
2A,2025-02-07T23:18:00Z,10.53,
2A,2025-02-07T23:18:15Z,10.73,
2A,2025-02-07T23:18:30Z,10.77,
2A,2025-02-07T23:18:45Z,11.170000000000002,
2A,2025-02-07T23:19:00Z,11.21,
2A,2025-02-07T23:19:15Z,11.2,
2A,2025-02-07T23:19:30Z,11.16,
2A,2025-02-07T23:19:45Z,10.72,
2A,2025-02-07T23:20:00Z,10.78,
2A,2025-02-07T23:20:15Z,10.72,
2A,2025-02-07T23:20:30Z,10.7,
2A,2025-02-07T23:20:45Z,10.73,
2A,2025-02-07T23:21:00Z,10.63,
2A,2025-02-07T23:21:15Z,10.25,
2A,2025-02-07T23:21:30Z,10.61,
2A,2025-02-07T23:21:45Z,9.79,
2A,2025-02-07T23:22:00Z,9.75,
2A,2025-02-07T23:22:15Z,10.66,
2A,2025-02-07T23:22:30Z,9.8,
2A,2025-02-07T23:22:45Z,9.78,
2A,2025-02-07T23:23:00Z,9.83,
2A,2025-02-07T23:23:15Z,9.81,
2A,2025-02-07T23:23:30Z,9.79,
2A,2025-02-07T23:23:45Z,8.9,
2A,2025-02-07T23:24:00Z,9.54,
2A,2025-02-07T23:24:15Z,9.44,
2A,2025-02-07T23:24:30Z,9.4,
2A,2025-02-07T23:24:45Z,9.42,
2A,2025-02-07T23:25:00Z,9.41,
2A,2025-02-07T23:25:15Z,9.38,
2A,2025-02-07T23:25:30Z,9.37,
2A,2025-02-07T23:25:45Z,9.4,
2A,2025-02-07T23:26:00Z,8.85,
2A,2025-02-07T23:26:15Z,8.88,
2A,2025-02-07T23:26:30Z,8.88,
2A,2025-02-07T23:26:45Z,8.82,
2A,2025-02-07T23:27:00Z,8.81,
2A,2025-02-07T23:27:15Z,7.41,
2A,2025-02-07T23:27:30Z,7.33,
2A,2025-02-07T23:27:45Z,7.31,
2A,2025-02-07T23:28:00Z,7.4,
2A,2025-02-07T23:28:15Z,7.75,
2A,2025-02-07T23:28:30Z,7.76,
2A,2025-02-07T23:28:45Z,9.24,
2A,2025-02-07T23:29:00Z,9.23,
2A,2025-02-07T23:29:15Z,9.18,
2A,2025-02-07T23:29:30Z,9.18,
2A,2025-02-07T23:29:45Z,9.88,
2A,2025-02-07T23:30:00Z,9.81,
2A,2025-02-07T23:30:15Z,10.78,
2A,2025-02-07T23:30:30Z,10.75,
2A,2025-02-07T23:30:45Z,10.78,
2A,2025-02-07T23:31:00Z,10.78,
2A,2025-02-07T23:31:15Z,11.35,
2A,2025-02-07T23:31:30Z,11.35,
2A,2025-02-07T23:31:45Z,11.34,
2A,2025-02-07T23:32:00Z,11.35,
2A,2025-02-07T23:32:15Z,11.34,
2A,2025-02-07T23:32:30Z,11.31,
2A,2025-02-07T23:32:45Z,11.33,
2A,2025-02-07T23:33:00Z,10.76,
2A,2025-02-07T23:33:15Z,10.1,
2A,2025-02-07T23:33:30Z,10.13,
2A,2025-02-07T23:33:45Z,10.13,
2A,2025-02-07T23:34:00Z,10.14,
2A,2025-02-07T23:34:15Z,10.11,
2A,2025-02-07T23:34:30Z,10.13,
2A,2025-02-07T23:34:45Z,10.09,
2A,2025-02-07T23:35:00Z,10.11,
2A,2025-02-07T23:35:15Z,10.23,
2A,2025-02-07T23:35:30Z,10.18,
2A,2025-02-07T23:35:45Z,10.39,
2A,2025-02-07T23:36:00Z,11.0,
2A,2025-02-07T23:36:15Z,10.96,
2A,2025-02-07T23:36:30Z,10.92,
2A,2025-02-07T23:36:45Z,10.97,
2A,2025-02-07T23:37:00Z,11.58,
2A,2025-02-07T23:37:15Z,11.8,
2A,2025-02-07T23:37:30Z,11.82,
2A,2025-02-07T23:37:45Z,11.83,
2A,2025-02-07T23:38:00Z,12.15,
2A,2025-02-07T23:38:15Z,11.46,
2A,2025-02-07T23:38:30Z,11.42,
2A,2025-02-07T23:38:45Z,11.38,
2A,2025-02-07T23:39:00Z,11.37,
2A,2025-02-07T23:39:15Z,11.33,
2A,2025-02-07T23:39:30Z,11.35,
2A,2025-02-07T23:39:45Z,11.46,
2A,2025-02-07T23:40:00Z,11.45,
2A,2025-02-07T23:40:15Z,11.42,
2A,2025-02-07T23:40:30Z,11.42,
2A,2025-02-07T23:40:45Z,11.41,
2A,2025-02-07T23:41:00Z,11.42,
2A,2025-02-07T23:41:15Z,12.21,
2A,2025-02-07T23:41:30Z,12.02,
2A,2025-02-07T23:41:45Z,10.52,
2A,2025-02-07T23:42:00Z,10.51,
2A,2025-02-07T23:42:15Z,10.36,
2A,2025-02-07T23:42:30Z,10.35,
2A,2025-02-07T23:42:45Z,10.39,
2A,2025-02-07T23:43:00Z,10.39,
2A,2025-02-07T23:43:15Z,10.34,
2A,2025-02-07T23:43:30Z,9.47,
2A,2025-02-07T23:43:45Z,10.48,
2A,2025-02-07T23:44:00Z,10.52,
2A,2025-02-07T23:44:15Z,9.05,
2A,2025-02-07T23:44:30Z,9.04,
2A,2025-02-07T23:44:45Z,9.43,
2A,2025-02-07T23:45:00Z,8.9,
2A,2025-02-07T23:45:15Z,8.88,
2A,2025-02-07T23:45:30Z,8.94,
2A,2025-02-07T23:45:45Z,8.96,
2A,2025-02-07T23:46:00Z,9.48,
2A,2025-02-07T23:46:15Z,9.48,
2A,2025-02-07T23:46:30Z,9.47,
2A,2025-02-07T23:46:45Z,9.45,
2A,2025-02-07T23:47:00Z,9.51,
2A,2025-02-07T23:47:15Z,9.45,
2A,2025-02-07T23:47:30Z,9.48,
2A,2025-02-07T23:47:45Z,9.55,
2A,2025-02-07T23:48:00Z,9.56,
2A,2025-02-07T23:48:15Z,10.16,
2A,2025-02-07T23:48:30Z,10.1,
2A,2025-02-07T23:48:45Z,10.06,
2A,2025-02-07T23:49:00Z,10.07,
2A,2025-02-07T23:49:15Z,10.05,
2A,2025-02-07T23:49:30Z,10.04,
2A,2025-02-07T23:49:45Z,10.04,
2A,2025-02-07T23:50:00Z,10.04,
2A,2025-02-07T23:50:15Z,8.98,
2A,2025-02-07T23:50:30Z,8.98,
2A,2025-02-07T23:50:45Z,8.97,
2A,2025-02-07T23:51:00Z,8.97,
2A,2025-02-07T23:51:15Z,8.88,
2A,2025-02-07T23:51:30Z,8.88,
2A,2025-02-07T23:51:45Z,8.87,
2A,2025-02-07T23:52:00Z,10.739999999999998,
2A,2025-02-07T23:52:15Z,10.750000000000002,
2A,2025-02-07T23:52:30Z,10.760000000000002,
2A,2025-02-07T23:52:45Z,11.0,
2A,2025-02-07T23:53:00Z,11.01,
2A,2025-02-07T23:53:15Z,11.42,
2A,2025-02-07T23:53:30Z,11.38,
2A,2025-02-07T23:53:45Z,11.36,
2A,2025-02-07T23:54:00Z,11.39,
2A,2025-02-07T23:54:15Z,11.36,
2A,2025-02-07T23:54:30Z,11.4,
2A,2025-02-07T23:54:45Z,11.39,
2A,2025-02-07T23:55:00Z,11.39,
2A,2025-02-07T23:55:15Z,11.37,
2A,2025-02-07T23:55:30Z,11.69,
2A,2025-02-07T23:55:45Z,11.62,
2A,2025-02-07T23:56:00Z,11.590000000000002,
2A,2025-02-07T23:56:15Z,11.57,
2A,2025-02-07T23:56:30Z,11.37,
2A,2025-02-07T23:56:45Z,11.36,
2A,2025-02-07T23:57:00Z,11.24,
2A,2025-02-07T23:57:15Z,9.76,
2A,2025-02-07T23:57:30Z,10.6,
2A,2025-02-07T23:57:45Z,10.71,
2A,2025-02-07T23:58:00Z,10.36,
2A,2025-02-07T23:58:15Z,10.31,
2A,2025-02-07T23:58:30Z,10.36,
2A,2025-02-07T23:58:45Z,9.65,
2A,2025-02-07T23:59:00Z,8.57,
2A,2025-02-07T23:59:15Z,8.559999999999999,
2A,2025-02-07T23:59:30Z,8.41,
2A,2025-02-07T23:59:45Z,8.44,
